CountA,BitsFlipped,MeanOnesDelta,Log10Combinations
0,0,0.0000000000,0.0000
0,1,0.5000000000,1.5051
0,2,1.0000000000,2.6955
0,3,1.5000000000,3.6955
0,4,2.0000000000,4.5558
0,5,2.5000000000,5.3040
0,6,3.0000000000,5.9572
0,7,3.5000000000,6.5271
0,8,4.0000000000,7.0219
0,9,4.5000000000,7.4479
0,10,5.0000000000,7.8096
0,11,5.5000000000,8.1107
0,12,6.0000000000,8.3537
0,13,6.5000000000,8.5408
0,14,7.0000000000,8.6734
0,15,7.5000000000,8.7526
0,16,8.0000000000,8.7789
0,17,8.5000000000,8.7526
0,18,9.0000000000,8.6734
0,19,9.5000000000,8.5408
0,20,10.0000000000,8.3537
0,21,10.5000000000,8.1107
0,22,11.0000000000,7.8096
0,23,11.5000000000,7.4479
0,24,12.0000000000,7.0219
0,25,12.5000000000,6.5271
0,26,13.0000000000,5.9572
0,27,13.5000000000,5.3040
0,28,14.0000000000,4.5558
0,29,14.5000000000,3.6955
0,30,15.0000000000,2.6955
0,31,15.5000000000,1.5051
0,32,16.0000000000,0.0000
1,0,0.0000000000,0.0000
1,1,0.4687500000,1.5051
1,2,0.9375000000,2.6955
1,3,1.4062500000,3.6955
1,4,1.8750000000,4.5558
1,5,2.3437500000,5.3040
1,6,2.8125000000,5.9572
1,7,3.2812500000,6.5271
1,8,3.7500000000,7.0219
1,9,4.2187500000,7.4479
1,10,4.6875000000,7.8096
1,11,5.1562500000,8.1107
1,12,5.6250000000,8.3537
1,13,6.0937500000,8.5408
1,14,6.5625000000,8.6734
1,15,7.0312500000,8.7526
1,16,7.5000000000,8.7789
1,17,7.9687500000,8.7526
1,18,8.4375000000,8.6734
1,19,8.9062500000,8.5408
1,20,9.3750000000,8.3537
1,21,9.8437500000,8.1107
1,22,10.3125000000,7.8096
1,23,10.7812500000,7.4479
1,24,11.2500000000,7.0219
1,25,11.7187500000,6.5271
1,26,12.1875000000,5.9572
1,27,12.6562500000,5.3040
1,28,13.1250000000,4.5558
1,29,13.5937500000,3.6955
1,30,14.0625000000,2.6955
1,31,14.5312500000,1.5051
1,32,15.0000000000,0.0000
2,0,0.0000000000,0.0000
2,1,0.4375000000,1.5051
2,2,0.8750000000,2.6955
2,3,1.3125000000,3.6955
2,4,1.7500000000,4.5558
2,5,2.1875000000,5.3040
2,6,2.6250000000,5.9572
2,7,3.0625000000,6.5271
2,8,3.5000000000,7.0219
2,9,3.9375000000,7.4479
2,10,4.3750000000,7.8096
2,11,4.8125000000,8.1107
2,12,5.2500000000,8.3537
2,13,5.6875000000,8.5408
2,14,6.1250000000,8.6734
2,15,6.5625000000,8.7526
2,16,7.0000000000,8.7789
2,17,7.4375000000,8.7526
2,18,7.8750000000,8.6734
2,19,8.3125000000,8.5408
2,20,8.7500000000,8.3537
2,21,9.1875000000,8.1107
2,22,9.6250000000,7.8096
2,23,10.0625000000,7.4479
2,24,10.5000000000,7.0219
2,25,10.9375000000,6.5271
2,26,11.3750000000,5.9572
2,27,11.8125000000,5.3040
2,28,12.2500000000,4.5558
2,29,12.6875000000,3.6955
2,30,13.1250000000,2.6955
2,31,13.5625000000,1.5051
2,32,14.0000000000,0.0000
3,0,0.0000000000,0.0000
3,1,0.4062500000,1.5051
3,2,0.8125000000,2.6955
3,3,1.2187500000,3.6955
3,4,1.6250000000,4.5558
3,5,2.0312500000,5.3040
3,6,2.4375000000,5.9572
3,7,2.8437500000,6.5271
3,8,3.2500000000,7.0219
3,9,3.6562500000,7.4479
3,10,4.0625000000,7.8096
3,11,4.4687500000,8.1107
3,12,4.8750000000,8.3537
3,13,5.2812500000,8.5408
3,14,5.6875000000,8.6734
3,15,6.0937500000,8.7526
3,16,6.5000000000,8.7789
3,17,6.9062500000,8.7526
3,18,7.3125000000,8.6734
3,19,7.7187500000,8.5408
3,20,8.1250000000,8.3537
3,21,8.5312500000,8.1107
3,22,8.9375000000,7.8096
3,23,9.3437500000,7.4479
3,24,9.7500000000,7.0219
3,25,10.1562500000,6.5271
3,26,10.5625000000,5.9572
3,27,10.9687500000,5.3040
3,28,11.3750000000,4.5558
3,29,11.7812500000,3.6955
3,30,12.1875000000,2.6955
3,31,12.5937500000,1.5051
3,32,13.0000000000,0.0000
4,0,0.0000000000,0.0000
4,1,0.3750000000,1.5051
4,2,0.7500000000,2.6955
4,3,1.1250000000,3.6955
4,4,1.5000000000,4.5558
4,5,1.8750000000,5.3040
4,6,2.2500000000,5.9572
4,7,2.6250000000,6.5271
4,8,3.0000000000,7.0219
4,9,3.3750000000,7.4479
4,10,3.7500000000,7.8096
4,11,4.1250000000,8.1107
4,12,4.5000000000,8.3537
4,13,4.8750000000,8.5408
4,14,5.2500000000,8.6734
4,15,5.6250000000,8.7526
4,16,6.0000000000,8.7789
4,17,6.3750000000,8.7526
4,18,6.7500000000,8.6734
4,19,7.1250000000,8.5408
4,20,7.5000000000,8.3537
4,21,7.8750000000,8.1107
4,22,8.2500000000,7.8096
4,23,8.6250000000,7.4479
4,24,9.0000000000,7.0219
4,25,9.3750000000,6.5271
4,26,9.7500000000,5.9572
4,27,10.1250000000,5.3040
4,28,10.5000000000,4.5558
4,29,10.8750000000,3.6955
4,30,11.2500000000,2.6955
4,31,11.6250000000,1.5051
4,32,12.0000000000,0.0000
5,0,0.0000000000,0.0000
5,1,0.3437500000,1.5051
5,2,0.6875000000,2.6955
5,3,1.0312500000,3.6955
5,4,1.3750000000,4.5558
5,5,1.7187500000,5.3040
5,6,2.0625000000,5.9572
5,7,2.4062500000,6.5271
5,8,2.7500000000,7.0219
5,9,3.0937500000,7.4479
5,10,3.4375000000,7.8096
5,11,3.7812500000,8.1107
5,12,4.1250000000,8.3537
5,13,4.4687500000,8.5408
5,14,4.8125000000,8.6734
5,15,5.1562500000,8.7526
5,16,5.5000000000,8.7789
5,17,5.8437500000,8.7526
5,18,6.1875000000,8.6734
5,19,6.5312500000,8.5408
5,20,6.8750000000,8.3537
5,21,7.2187500000,8.1107
5,22,7.5625000000,7.8096
5,23,7.9062500000,7.4479
5,24,8.2500000000,7.0219
5,25,8.5937500000,6.5271
5,26,8.9375000000,5.9572
5,27,9.2812500000,5.3040
5,28,9.6250000000,4.5558
5,29,9.9687500000,3.6955
5,30,10.3125000000,2.6955
5,31,10.6562500000,1.5051
5,32,11.0000000000,0.0000
6,0,0.0000000000,0.0000
6,1,0.3125000000,1.5051
6,2,0.6250000000,2.6955
6,3,0.9375000000,3.6955
6,4,1.2500000000,4.5558
6,5,1.5625000000,5.3040
6,6,1.8750000000,5.9572
6,7,2.1875000000,6.5271
6,8,2.5000000000,7.0219
6,9,2.8125000000,7.4479
6,10,3.1250000000,7.8096
6,11,3.4375000000,8.1107
6,12,3.7500000000,8.3537
6,13,4.0625000000,8.5408
6,14,4.3750000000,8.6734
6,15,4.6875000000,8.7526
6,16,5.0000000000,8.7789
6,17,5.3125000000,8.7526
6,18,5.6250000000,8.6734
6,19,5.9375000000,8.5408
6,20,6.2500000000,8.3537
6,21,6.5625000000,8.1107
6,22,6.8750000000,7.8096
6,23,7.1875000000,7.4479
6,24,7.5000000000,7.0219
6,25,7.8125000000,6.5271
6,26,8.1250000000,5.9572
6,27,8.4375000000,5.3040
6,28,8.7500000000,4.5558
6,29,9.0625000000,3.6955
6,30,9.3750000000,2.6955
6,31,9.6875000000,1.5051
6,32,10.0000000000,0.0000
7,0,0.0000000000,0.0000
7,1,0.2812500000,1.5051
7,2,0.5625000000,2.6955
7,3,0.8437500000,3.6955
7,4,1.1250000000,4.5558
7,5,1.4062500000,5.3040
7,6,1.6875000000,5.9572
7,7,1.9687500000,6.5271
7,8,2.2500000000,7.0219
7,9,2.5312500000,7.4479
7,10,2.8125000000,7.8096
7,11,3.0937500000,8.1107
7,12,3.3750000000,8.3537
7,13,3.6562500000,8.5408
7,14,3.9375000000,8.6734
7,15,4.2187500000,8.7526
7,16,4.5000000000,8.7789
7,17,4.7812500000,8.7526
7,18,5.0625000000,8.6734
7,19,5.3437500000,8.5408
7,20,5.6250000000,8.3537
7,21,5.9062500000,8.1107
7,22,6.1875000000,7.8096
7,23,6.4687500000,7.4479
7,24,6.7500000000,7.0219
7,25,7.0312500000,6.5271
7,26,7.3125000000,5.9572
7,27,7.5937500000,5.3040
7,28,7.8750000000,4.5558
7,29,8.1562500000,3.6955
7,30,8.4375000000,2.6955
7,31,8.7187500000,1.5051
7,32,9.0000000000,0.0000
8,0,0.0000000000,0.0000
8,1,0.2500000000,1.5051
8,2,0.5000000000,2.6955
8,3,0.7500000000,3.6955
8,4,1.0000000000,4.5558
8,5,1.2500000000,5.3040
8,6,1.5000000000,5.9572
8,7,1.7500000000,6.5271
8,8,2.0000000000,7.0219
8,9,2.2500000000,7.4479
8,10,2.5000000000,7.8096
8,11,2.7500000000,8.1107
8,12,3.0000000000,8.3537
8,13,3.2500000000,8.5408
8,14,3.5000000000,8.6734
8,15,3.7500000000,8.7526
8,16,4.0000000000,8.7789
8,17,4.2500000000,8.7526
8,18,4.5000000000,8.6734
8,19,4.7500000000,8.5408
8,20,5.0000000000,8.3537
8,21,5.2500000000,8.1107
8,22,5.5000000000,7.8096
8,23,5.7500000000,7.4479
8,24,6.0000000000,7.0219
8,25,6.2500000000,6.5271
8,26,6.5000000000,5.9572
8,27,6.7500000000,5.3040
8,28,7.0000000000,4.5558
8,29,7.2500000000,3.6955
8,30,7.5000000000,2.6955
8,31,7.7500000000,1.5051
8,32,8.0000000000,0.0000
9,0,0.0000000000,0.0000
9,1,0.2187500000,1.5051
9,2,0.4375000000,2.6955
9,3,0.6562500000,3.6955
9,4,0.8750000000,4.5558
9,5,1.0937500000,5.3040
9,6,1.3125000000,5.9572
9,7,1.5312500000,6.5271
9,8,1.7500000000,7.0219
9,9,1.9687500000,7.4479
9,10,2.1875000000,7.8096
9,11,2.4062500000,8.1107
9,12,2.6250000000,8.3537
9,13,2.8437500000,8.5408
9,14,3.0625000000,8.6734
9,15,3.2812500000,8.7526
9,16,3.5000000000,8.7789
9,17,3.7187500000,8.7526
9,18,3.9375000000,8.6734
9,19,4.1562500000,8.5408
9,20,4.3750000000,8.3537
9,21,4.5937500000,8.1107
9,22,4.8125000000,7.8096
9,23,5.0312500000,7.4479
9,24,5.2500000000,7.0219
9,25,5.4687500000,6.5271
9,26,5.6875000000,5.9572
9,27,5.9062500000,5.3040
9,28,6.1250000000,4.5558
9,29,6.3437500000,3.6955
9,30,6.5625000000,2.6955
9,31,6.7812500000,1.5051
9,32,7.0000000000,0.0000
10,0,0.0000000000,0.0000
10,1,0.1875000000,1.5051
10,2,0.3750000000,2.6955
10,3,0.5625000000,3.6955
10,4,0.7500000000,4.5558
10,5,0.9375000000,5.3040
10,6,1.1250000000,5.9572
10,7,1.3125000000,6.5271
10,8,1.5000000000,7.0219
10,9,1.6875000000,7.4479
10,10,1.8750000000,7.8096
10,11,2.0625000000,8.1107
10,12,2.2500000000,8.3537
10,13,2.4375000000,8.5408
10,14,2.6250000000,8.6734
10,15,2.8125000000,8.7526
10,16,3.0000000000,8.7789
10,17,3.1875000000,8.7526
10,18,3.3750000000,8.6734
10,19,3.5625000000,8.5408
10,20,3.7500000000,8.3537
10,21,3.9375000000,8.1107
10,22,4.1250000000,7.8096
10,23,4.3125000000,7.4479
10,24,4.5000000000,7.0219
10,25,4.6875000000,6.5271
10,26,4.8750000000,5.9572
10,27,5.0625000000,5.3040
10,28,5.2500000000,4.5558
10,29,5.4375000000,3.6955
10,30,5.6250000000,2.6955
10,31,5.8125000000,1.5051
10,32,6.0000000000,0.0000
11,0,0.0000000000,0.0000
11,1,0.1562500000,1.5051
11,2,0.3125000000,2.6955
11,3,0.4687500000,3.6955
11,4,0.6250000000,4.5558
11,5,0.7812500000,5.3040
11,6,0.9375000000,5.9572
11,7,1.0937500000,6.5271
11,8,1.2500000000,7.0219
11,9,1.4062500000,7.4479
11,10,1.5625000000,7.8096
11,11,1.7187500000,8.1107
11,12,1.8750000000,8.3537
11,13,2.0312500000,8.5408
11,14,2.1875000000,8.6734
11,15,2.3437500000,8.7526
11,16,2.5000000000,8.7789
11,17,2.6562500000,8.7526
11,18,2.8125000000,8.6734
11,19,2.9687500000,8.5408
11,20,3.1250000000,8.3537
11,21,3.2812500000,8.1107
11,22,3.4375000000,7.8096
11,23,3.5937500000,7.4479
11,24,3.7500000000,7.0219
11,25,3.9062500000,6.5271
11,26,4.0625000000,5.9572
11,27,4.2187500000,5.3040
11,28,4.3750000000,4.5558
11,29,4.5312500000,3.6955
11,30,4.6875000000,2.6955
11,31,4.8437500000,1.5051
11,32,5.0000000000,0.0000
12,0,0.0000000000,0.0000
12,1,0.1250000000,1.5051
12,2,0.2500000000,2.6955
12,3,0.3750000000,3.6955
12,4,0.5000000000,4.5558
12,5,0.6250000000,5.3040
12,6,0.7500000000,5.9572
12,7,0.8750000000,6.5271
12,8,1.0000000000,7.0219
12,9,1.1250000000,7.4479
12,10,1.2500000000,7.8096
12,11,1.3750000000,8.1107
12,12,1.5000000000,8.3537
12,13,1.6250000000,8.5408
12,14,1.7500000000,8.6734
12,15,1.8750000000,8.7526
12,16,2.0000000000,8.7789
12,17,2.1250000000,8.7526
12,18,2.2500000000,8.6734
12,19,2.3750000000,8.5408
12,20,2.5000000000,8.3537
12,21,2.6250000000,8.1107
12,22,2.7500000000,7.8096
12,23,2.8750000000,7.4479
12,24,3.0000000000,7.0219
12,25,3.1250000000,6.5271
12,26,3.2500000000,5.9572
12,27,3.3750000000,5.3040
12,28,3.5000000000,4.5558
12,29,3.6250000000,3.6955
12,30,3.7500000000,2.6955
12,31,3.8750000000,1.5051
12,32,4.0000000000,0.0000
13,0,0.0000000000,0.0000
13,1,0.0937500000,1.5051
13,2,0.1875000000,2.6955
13,3,0.2812500000,3.6955
13,4,0.3750000000,4.5558
13,5,0.4687500000,5.3040
13,6,0.5625000000,5.9572
13,7,0.6562500000,6.5271
13,8,0.7500000000,7.0219
13,9,0.8437500000,7.4479
13,10,0.9375000000,7.8096
13,11,1.0312500000,8.1107
13,12,1.1250000000,8.3537
13,13,1.2187500000,8.5408
13,14,1.3125000000,8.6734
13,15,1.4062500000,8.7526
13,16,1.5000000000,8.7789
13,17,1.5937500000,8.7526
13,18,1.6875000000,8.6734
13,19,1.7812500000,8.5408
13,20,1.8750000000,8.3537
13,21,1.9687500000,8.1107
13,22,2.0625000000,7.8096
13,23,2.1562500000,7.4479
13,24,2.2500000000,7.0219
13,25,2.3437500000,6.5271
13,26,2.4375000000,5.9572
13,27,2.5312500000,5.3040
13,28,2.6250000000,4.5558
13,29,2.7187500000,3.6955
13,30,2.8125000000,2.6955
13,31,2.9062500000,1.5051
13,32,3.0000000000,0.0000
14,0,0.0000000000,0.0000
14,1,0.0625000000,1.5051
14,2,0.1250000000,2.6955
14,3,0.1875000000,3.6955
14,4,0.2500000000,4.5558
14,5,0.3125000000,5.3040
14,6,0.3750000000,5.9572
14,7,0.4375000000,6.5271
14,8,0.5000000000,7.0219
14,9,0.5625000000,7.4479
14,10,0.6250000000,7.8096
14,11,0.6875000000,8.1107
14,12,0.7500000000,8.3537
14,13,0.8125000000,8.5408
14,14,0.8750000000,8.6734
14,15,0.9375000000,8.7526
14,16,1.0000000000,8.7789
14,17,1.0625000000,8.7526
14,18,1.1250000000,8.6734
14,19,1.1875000000,8.5408
14,20,1.2500000000,8.3537
14,21,1.3125000000,8.1107
14,22,1.3750000000,7.8096
14,23,1.4375000000,7.4479
14,24,1.5000000000,7.0219
14,25,1.5625000000,6.5271
14,26,1.6250000000,5.9572
14,27,1.6875000000,5.3040
14,28,1.7500000000,4.5558
14,29,1.8125000000,3.6955
14,30,1.8750000000,2.6955
14,31,1.9375000000,1.5051
14,32,2.0000000000,0.0000
15,0,0.0000000000,0.0000
15,1,0.0312500000,1.5051
15,2,0.0625000000,2.6955
15,3,0.0937500000,3.6955
15,4,0.1250000000,4.5558
15,5,0.1562500000,5.3040
15,6,0.1875000000,5.9572
15,7,0.2187500000,6.5271
15,8,0.2500000000,7.0219
15,9,0.2812500000,7.4479
15,10,0.3125000000,7.8096
15,11,0.3437500000,8.1107
15,12,0.3750000000,8.3537
15,13,0.4062500000,8.5408
15,14,0.4375000000,8.6734
15,15,0.4687500000,8.7526
15,16,0.5000000000,8.7789
15,17,0.5312500000,8.7526
15,18,0.5625000000,8.6734
15,19,0.5937500000,8.5408
15,20,0.6250000000,8.3537
15,21,0.6562500000,8.1107
15,22,0.6875000000,7.8096
15,23,0.7187500000,7.4479
15,24,0.7500000000,7.0219
15,25,0.7812500000,6.5271
15,26,0.8125000000,5.9572
15,27,0.8437500000,5.3040
15,28,0.8750000000,4.5558
15,29,0.9062500000,3.6955
15,30,0.9375000000,2.6955
15,31,0.9687500000,1.5051
15,32,1.0000000000,0.0000
16,0,0.0000000000,0.0000
16,1,0.0000000000,1.5051
16,2,-0.0000000000,2.6955
16,3,0.0000000000,3.6955
16,4,0.0000000000,4.5558
16,5,-0.0000000000,5.3040
16,6,0.0000000000,5.9572
16,7,-0.0000000000,6.5271
16,8,-0.0000000000,7.0219
16,9,-0.0000000000,7.4479
16,10,-0.0000000000,7.8096
16,11,0.0000000000,8.1107
16,12,0.0000000000,8.3537
16,13,0.0000000000,8.5408
16,14,0.0000000000,8.6734
16,15,0.0000000000,8.7526
16,16,-0.0000000000,8.7789
16,17,-0.0000000000,8.7526
16,18,0.0000000000,8.6734
16,19,0.0000000000,8.5408
16,20,0.0000000000,8.3537
16,21,-0.0000000000,8.1107
16,22,0.0000000000,7.8096
16,23,-0.0000000000,7.4479
16,24,0.0000000000,7.0219
16,25,-0.0000000000,6.5271
16,26,-0.0000000000,5.9572
16,27,-0.0000000000,5.3040
16,28,-0.0000000000,4.5558
16,29,0.0000000000,3.6955
16,30,-0.0000000000,2.6955
16,31,0.0000000000,1.5051
16,32,0.0000000000,0.0000
17,0,0.0000000000,0.0000
17,1,-0.0312500000,1.5051
17,2,-0.0625000000,2.6955
17,3,-0.0937500000,3.6955
17,4,-0.1250000000,4.5558
17,5,-0.1562500000,5.3040
17,6,-0.1875000000,5.9572
17,7,-0.2187500000,6.5271
17,8,-0.2500000000,7.0219
17,9,-0.2812500000,7.4479
17,10,-0.3125000000,7.8096
17,11,-0.3437500000,8.1107
17,12,-0.3750000000,8.3537
17,13,-0.4062500000,8.5408
17,14,-0.4375000000,8.6734
17,15,-0.4687500000,8.7526
17,16,-0.5000000000,8.7789
17,17,-0.5312500000,8.7526
17,18,-0.5625000000,8.6734
17,19,-0.5937500000,8.5408
17,20,-0.6250000000,8.3537
17,21,-0.6562500000,8.1107
17,22,-0.6875000000,7.8096
17,23,-0.7187500000,7.4479
17,24,-0.7500000000,7.0219
17,25,-0.7812500000,6.5271
17,26,-0.8125000000,5.9572
17,27,-0.8437500000,5.3040
17,28,-0.8750000000,4.5558
17,29,-0.9062500000,3.6955
17,30,-0.9375000000,2.6955
17,31,-0.9687500000,1.5051
17,32,-1.0000000000,0.0000
18,0,0.0000000000,0.0000
18,1,-0.0625000000,1.5051
18,2,-0.1250000000,2.6955
18,3,-0.1875000000,3.6955
18,4,-0.2500000000,4.5558
18,5,-0.3125000000,5.3040
18,6,-0.3750000000,5.9572
18,7,-0.4375000000,6.5271
18,8,-0.5000000000,7.0219
18,9,-0.5625000000,7.4479
18,10,-0.6250000000,7.8096
18,11,-0.6875000000,8.1107
18,12,-0.7500000000,8.3537
18,13,-0.8125000000,8.5408
18,14,-0.8750000000,8.6734
18,15,-0.9375000000,8.7526
18,16,-1.0000000000,8.7789
18,17,-1.0625000000,8.7526
18,18,-1.1250000000,8.6734
18,19,-1.1875000000,8.5408
18,20,-1.2500000000,8.3537
18,21,-1.3125000000,8.1107
18,22,-1.3750000000,7.8096
18,23,-1.4375000000,7.4479
18,24,-1.5000000000,7.0219
18,25,-1.5625000000,6.5271
18,26,-1.6250000000,5.9572
18,27,-1.6875000000,5.3040
18,28,-1.7500000000,4.5558
18,29,-1.8125000000,3.6955
18,30,-1.8750000000,2.6955
18,31,-1.9375000000,1.5051
18,32,-2.0000000000,0.0000
19,0,0.0000000000,0.0000
19,1,-0.0937500000,1.5051
19,2,-0.1875000000,2.6955
19,3,-0.2812500000,3.6955
19,4,-0.3750000000,4.5558
19,5,-0.4687500000,5.3040
19,6,-0.5625000000,5.9572
19,7,-0.6562500000,6.5271
19,8,-0.7500000000,7.0219
19,9,-0.8437500000,7.4479
19,10,-0.9375000000,7.8096
19,11,-1.0312500000,8.1107
19,12,-1.1250000000,8.3537
19,13,-1.2187500000,8.5408
19,14,-1.3125000000,8.6734
19,15,-1.4062500000,8.7526
19,16,-1.5000000000,8.7789
19,17,-1.5937500000,8.7526
19,18,-1.6875000000,8.6734
19,19,-1.7812500000,8.5408
19,20,-1.8750000000,8.3537
19,21,-1.9687500000,8.1107
19,22,-2.0625000000,7.8096
19,23,-2.1562500000,7.4479
19,24,-2.2500000000,7.0219
19,25,-2.3437500000,6.5271
19,26,-2.4375000000,5.9572
19,27,-2.5312500000,5.3040
19,28,-2.6250000000,4.5558
19,29,-2.7187500000,3.6955
19,30,-2.8125000000,2.6955
19,31,-2.9062500000,1.5051
19,32,-3.0000000000,0.0000
20,0,0.0000000000,0.0000
20,1,-0.1250000000,1.5051
20,2,-0.2500000000,2.6955
20,3,-0.3750000000,3.6955
20,4,-0.5000000000,4.5558
20,5,-0.6250000000,5.3040
20,6,-0.7500000000,5.9572
20,7,-0.8750000000,6.5271
20,8,-1.0000000000,7.0219
20,9,-1.1250000000,7.4479
20,10,-1.2500000000,7.8096
20,11,-1.3750000000,8.1107
20,12,-1.5000000000,8.3537
20,13,-1.6250000000,8.5408
20,14,-1.7500000000,8.6734
20,15,-1.8750000000,8.7526
20,16,-2.0000000000,8.7789
20,17,-2.1250000000,8.7526
20,18,-2.2500000000,8.6734
20,19,-2.3750000000,8.5408
20,20,-2.5000000000,8.3537
20,21,-2.6250000000,8.1107
20,22,-2.7500000000,7.8096
20,23,-2.8750000000,7.4479
20,24,-3.0000000000,7.0219
20,25,-3.1250000000,6.5271
20,26,-3.2500000000,5.9572
20,27,-3.3750000000,5.3040
20,28,-3.5000000000,4.5558
20,29,-3.6250000000,3.6955
20,30,-3.7500000000,2.6955
20,31,-3.8750000000,1.5051
20,32,-4.0000000000,0.0000
21,0,0.0000000000,0.0000
21,1,-0.1562500000,1.5051
21,2,-0.3125000000,2.6955
21,3,-0.4687500000,3.6955
21,4,-0.6250000000,4.5558
21,5,-0.7812500000,5.3040
21,6,-0.9375000000,5.9572
21,7,-1.0937500000,6.5271
21,8,-1.2500000000,7.0219
21,9,-1.4062500000,7.4479
21,10,-1.5625000000,7.8096
21,11,-1.7187500000,8.1107
21,12,-1.8750000000,8.3537
21,13,-2.0312500000,8.5408
21,14,-2.1875000000,8.6734
21,15,-2.3437500000,8.7526
21,16,-2.5000000000,8.7789
21,17,-2.6562500000,8.7526
21,18,-2.8125000000,8.6734
21,19,-2.9687500000,8.5408
21,20,-3.1250000000,8.3537
21,21,-3.2812500000,8.1107
21,22,-3.4375000000,7.8096
21,23,-3.5937500000,7.4479
21,24,-3.7500000000,7.0219
21,25,-3.9062500000,6.5271
21,26,-4.0625000000,5.9572
21,27,-4.2187500000,5.3040
21,28,-4.3750000000,4.5558
21,29,-4.5312500000,3.6955
21,30,-4.6875000000,2.6955
21,31,-4.8437500000,1.5051
21,32,-5.0000000000,0.0000
22,0,0.0000000000,0.0000
22,1,-0.1875000000,1.5051
22,2,-0.3750000000,2.6955
22,3,-0.5625000000,3.6955
22,4,-0.7500000000,4.5558
22,5,-0.9375000000,5.3040
22,6,-1.1250000000,5.9572
22,7,-1.3125000000,6.5271
22,8,-1.5000000000,7.0219
22,9,-1.6875000000,7.4479
22,10,-1.8750000000,7.8096
22,11,-2.0625000000,8.1107
22,12,-2.2500000000,8.3537
22,13,-2.4375000000,8.5408
22,14,-2.6250000000,8.6734
22,15,-2.8125000000,8.7526
22,16,-3.0000000000,8.7789
22,17,-3.1875000000,8.7526
22,18,-3.3750000000,8.6734
22,19,-3.5625000000,8.5408
22,20,-3.7500000000,8.3537
22,21,-3.9375000000,8.1107
22,22,-4.1250000000,7.8096
22,23,-4.3125000000,7.4479
22,24,-4.5000000000,7.0219
22,25,-4.6875000000,6.5271
22,26,-4.8750000000,5.9572
22,27,-5.0625000000,5.3040
22,28,-5.2500000000,4.5558
22,29,-5.4375000000,3.6955
22,30,-5.6250000000,2.6955
22,31,-5.8125000000,1.5051
22,32,-6.0000000000,0.0000
23,0,0.0000000000,0.0000
23,1,-0.2187500000,1.5051
23,2,-0.4375000000,2.6955
23,3,-0.6562500000,3.6955
23,4,-0.8750000000,4.5558
23,5,-1.0937500000,5.3040
23,6,-1.3125000000,5.9572
23,7,-1.5312500000,6.5271
23,8,-1.7500000000,7.0219
23,9,-1.9687500000,7.4479
23,10,-2.1875000000,7.8096
23,11,-2.4062500000,8.1107
23,12,-2.6250000000,8.3537
23,13,-2.8437500000,8.5408
23,14,-3.0625000000,8.6734
23,15,-3.2812500000,8.7526
23,16,-3.5000000000,8.7789
23,17,-3.7187500000,8.7526
23,18,-3.9375000000,8.6734
23,19,-4.1562500000,8.5408
23,20,-4.3750000000,8.3537
23,21,-4.5937500000,8.1107
23,22,-4.8125000000,7.8096
23,23,-5.0312500000,7.4479
23,24,-5.2500000000,7.0219
23,25,-5.4687500000,6.5271
23,26,-5.6875000000,5.9572
23,27,-5.9062500000,5.3040
23,28,-6.1250000000,4.5558
23,29,-6.3437500000,3.6955
23,30,-6.5625000000,2.6955
23,31,-6.7812500000,1.5051
23,32,-7.0000000000,0.0000
24,0,0.0000000000,0.0000
24,1,-0.2500000000,1.5051
24,2,-0.5000000000,2.6955
24,3,-0.7500000000,3.6955
24,4,-1.0000000000,4.5558
24,5,-1.2500000000,5.3040
24,6,-1.5000000000,5.9572
24,7,-1.7500000000,6.5271
24,8,-2.0000000000,7.0219
24,9,-2.2500000000,7.4479
24,10,-2.5000000000,7.8096
24,11,-2.7500000000,8.1107
24,12,-3.0000000000,8.3537
24,13,-3.2500000000,8.5408
24,14,-3.5000000000,8.6734
24,15,-3.7500000000,8.7526
24,16,-4.0000000000,8.7789
24,17,-4.2500000000,8.7526
24,18,-4.5000000000,8.6734
24,19,-4.7500000000,8.5408
24,20,-5.0000000000,8.3537
24,21,-5.2500000000,8.1107
24,22,-5.5000000000,7.8096
24,23,-5.7500000000,7.4479
24,24,-6.0000000000,7.0219
24,25,-6.2500000000,6.5271
24,26,-6.5000000000,5.9572
24,27,-6.7500000000,5.3040
24,28,-7.0000000000,4.5558
24,29,-7.2500000000,3.6955
24,30,-7.5000000000,2.6955
24,31,-7.7500000000,1.5051
24,32,-8.0000000000,0.0000
25,0,0.0000000000,0.0000
25,1,-0.2812500000,1.5051
25,2,-0.5625000000,2.6955
25,3,-0.8437500000,3.6955
25,4,-1.1250000000,4.5558
25,5,-1.4062500000,5.3040
25,6,-1.6875000000,5.9572
25,7,-1.9687500000,6.5271
25,8,-2.2500000000,7.0219
25,9,-2.5312500000,7.4479
25,10,-2.8125000000,7.8096
25,11,-3.0937500000,8.1107
25,12,-3.3750000000,8.3537
25,13,-3.6562500000,8.5408
25,14,-3.9375000000,8.6734
25,15,-4.2187500000,8.7526
25,16,-4.5000000000,8.7789
25,17,-4.7812500000,8.7526
25,18,-5.0625000000,8.6734
25,19,-5.3437500000,8.5408
25,20,-5.6250000000,8.3537
25,21,-5.9062500000,8.1107
25,22,-6.1875000000,7.8096
25,23,-6.4687500000,7.4479
25,24,-6.7500000000,7.0219
25,25,-7.0312500000,6.5271
25,26,-7.3125000000,5.9572
25,27,-7.5937500000,5.3040
25,28,-7.8750000000,4.5558
25,29,-8.1562500000,3.6955
25,30,-8.4375000000,2.6955
25,31,-8.7187500000,1.5051
25,32,-9.0000000000,0.0000
26,0,0.0000000000,0.0000
26,1,-0.3125000000,1.5051
26,2,-0.6250000000,2.6955
26,3,-0.9375000000,3.6955
26,4,-1.2500000000,4.5558
26,5,-1.5625000000,5.3040
26,6,-1.8750000000,5.9572
26,7,-2.1875000000,6.5271
26,8,-2.5000000000,7.0219
26,9,-2.8125000000,7.4479
26,10,-3.1250000000,7.8096
26,11,-3.4375000000,8.1107
26,12,-3.7500000000,8.3537
26,13,-4.0625000000,8.5408
26,14,-4.3750000000,8.6734
26,15,-4.6875000000,8.7526
26,16,-5.0000000000,8.7789
26,17,-5.3125000000,8.7526
26,18,-5.6250000000,8.6734
26,19,-5.9375000000,8.5408
26,20,-6.2500000000,8.3537
26,21,-6.5625000000,8.1107
26,22,-6.8750000000,7.8096
26,23,-7.1875000000,7.4479
26,24,-7.5000000000,7.0219
26,25,-7.8125000000,6.5271
26,26,-8.1250000000,5.9572
26,27,-8.4375000000,5.3040
26,28,-8.7500000000,4.5558
26,29,-9.0625000000,3.6955
26,30,-9.3750000000,2.6955
26,31,-9.6875000000,1.5051
26,32,-10.0000000000,0.0000
27,0,0.0000000000,0.0000
27,1,-0.3437500000,1.5051
27,2,-0.6875000000,2.6955
27,3,-1.0312500000,3.6955
27,4,-1.3750000000,4.5558
27,5,-1.7187500000,5.3040
27,6,-2.0625000000,5.9572
27,7,-2.4062500000,6.5271
27,8,-2.7500000000,7.0219
27,9,-3.0937500000,7.4479
27,10,-3.4375000000,7.8096
27,11,-3.7812500000,8.1107
27,12,-4.1250000000,8.3537
27,13,-4.4687500000,8.5408
27,14,-4.8125000000,8.6734
27,15,-5.1562500000,8.7526
27,16,-5.5000000000,8.7789
27,17,-5.8437500000,8.7526
27,18,-6.1875000000,8.6734
27,19,-6.5312500000,8.5408
27,20,-6.8750000000,8.3537
27,21,-7.2187500000,8.1107
27,22,-7.5625000000,7.8096
27,23,-7.9062500000,7.4479
27,24,-8.2500000000,7.0219
27,25,-8.5937500000,6.5271
27,26,-8.9375000000,5.9572
27,27,-9.2812500000,5.3040
27,28,-9.6250000000,4.5558
27,29,-9.9687500000,3.6955
27,30,-10.3125000000,2.6955
27,31,-10.6562500000,1.5051
27,32,-11.0000000000,0.0000
28,0,0.0000000000,0.0000
28,1,-0.3750000000,1.5051
28,2,-0.7500000000,2.6955
28,3,-1.1250000000,3.6955
28,4,-1.5000000000,4.5558
28,5,-1.8750000000,5.3040
28,6,-2.2500000000,5.9572
28,7,-2.6250000000,6.5271
28,8,-3.0000000000,7.0219
28,9,-3.3750000000,7.4479
28,10,-3.7500000000,7.8096
28,11,-4.1250000000,8.1107
28,12,-4.5000000000,8.3537
28,13,-4.8750000000,8.5408
28,14,-5.2500000000,8.6734
28,15,-5.6250000000,8.7526
28,16,-6.0000000000,8.7789
28,17,-6.3750000000,8.7526
28,18,-6.7500000000,8.6734
28,19,-7.1250000000,8.5408
28,20,-7.5000000000,8.3537
28,21,-7.8750000000,8.1107
28,22,-8.2500000000,7.8096
28,23,-8.6250000000,7.4479
28,24,-9.0000000000,7.0219
28,25,-9.3750000000,6.5271
28,26,-9.7500000000,5.9572
28,27,-10.1250000000,5.3040
28,28,-10.5000000000,4.5558
28,29,-10.8750000000,3.6955
28,30,-11.2500000000,2.6955
28,31,-11.6250000000,1.5051
28,32,-12.0000000000,0.0000
29,0,0.0000000000,0.0000
29,1,-0.4062500000,1.5051
29,2,-0.8125000000,2.6955
29,3,-1.2187500000,3.6955
29,4,-1.6250000000,4.5558
29,5,-2.0312500000,5.3040
29,6,-2.4375000000,5.9572
29,7,-2.8437500000,6.5271
29,8,-3.2500000000,7.0219
29,9,-3.6562500000,7.4479
29,10,-4.0625000000,7.8096
29,11,-4.4687500000,8.1107
29,12,-4.8750000000,8.3537
29,13,-5.2812500000,8.5408
29,14,-5.6875000000,8.6734
29,15,-6.0937500000,8.7526
29,16,-6.5000000000,8.7789
29,17,-6.9062500000,8.7526
29,18,-7.3125000000,8.6734
29,19,-7.7187500000,8.5408
29,20,-8.1250000000,8.3537
29,21,-8.5312500000,8.1107
29,22,-8.9375000000,7.8096
29,23,-9.3437500000,7.4479
29,24,-9.7500000000,7.0219
29,25,-10.1562500000,6.5271
29,26,-10.5625000000,5.9572
29,27,-10.9687500000,5.3040
29,28,-11.3750000000,4.5558
29,29,-11.7812500000,3.6955
29,30,-12.1875000000,2.6955
29,31,-12.5937500000,1.5051
29,32,-13.0000000000,0.0000
30,0,0.0000000000,0.0000
30,1,-0.4375000000,1.5051
30,2,-0.8750000000,2.6955
30,3,-1.3125000000,3.6955
30,4,-1.7500000000,4.5558
30,5,-2.1875000000,5.3040
30,6,-2.6250000000,5.9572
30,7,-3.0625000000,6.5271
30,8,-3.5000000000,7.0219
30,9,-3.9375000000,7.4479
30,10,-4.3750000000,7.8096
30,11,-4.8125000000,8.1107
30,12,-5.2500000000,8.3537
30,13,-5.6875000000,8.5408
30,14,-6.1250000000,8.6734
30,15,-6.5625000000,8.7526
30,16,-7.0000000000,8.7789
30,17,-7.4375000000,8.7526
30,18,-7.8750000000,8.6734
30,19,-8.3125000000,8.5408
30,20,-8.7500000000,8.3537
30,21,-9.1875000000,8.1107
30,22,-9.6250000000,7.8096
30,23,-10.0625000000,7.4479
30,24,-10.5000000000,7.0219
30,25,-10.9375000000,6.5271
30,26,-11.3750000000,5.9572
30,27,-11.8125000000,5.3040
30,28,-12.2500000000,4.5558
30,29,-12.6875000000,3.6955
30,30,-13.1250000000,2.6955
30,31,-13.5625000000,1.5051
30,32,-14.0000000000,0.0000
31,0,0.0000000000,0.0000
31,1,-0.4687500000,1.5051
31,2,-0.9375000000,2.6955
31,3,-1.4062500000,3.6955
31,4,-1.8750000000,4.5558
31,5,-2.3437500000,5.3040
31,6,-2.8125000000,5.9572
31,7,-3.2812500000,6.5271
31,8,-3.7500000000,7.0219
31,9,-4.2187500000,7.4479
31,10,-4.6875000000,7.8096
31,11,-5.1562500000,8.1107
31,12,-5.6250000000,8.3537
31,13,-6.0937500000,8.5408
31,14,-6.5625000000,8.6734
31,15,-7.0312500000,8.7526
31,16,-7.5000000000,8.7789
31,17,-7.9687500000,8.7526
31,18,-8.4375000000,8.6734
31,19,-8.9062500000,8.5408
31,20,-9.3750000000,8.3537
31,21,-9.8437500000,8.1107
31,22,-10.3125000000,7.8096
31,23,-10.7812500000,7.4479
31,24,-11.2500000000,7.0219
31,25,-11.7187500000,6.5271
31,26,-12.1875000000,5.9572
31,27,-12.6562500000,5.3040
31,28,-13.1250000000,4.5558
31,29,-13.5937500000,3.6955
31,30,-14.0625000000,2.6955
31,31,-14.5312500000,1.5051
31,32,-15.0000000000,0.0000
32,0,0.0000000000,0.0000
32,1,-0.5000000000,1.5051
32,2,-1.0000000000,2.6955
32,3,-1.5000000000,3.6955
32,4,-2.0000000000,4.5558
32,5,-2.5000000000,5.3040
32,6,-3.0000000000,5.9572
32,7,-3.5000000000,6.5271
32,8,-4.0000000000,7.0219
32,9,-4.5000000000,7.4479
32,10,-5.0000000000,7.8096
32,11,-5.5000000000,8.1107
32,12,-6.0000000000,8.3537
32,13,-6.5000000000,8.5408
32,14,-7.0000000000,8.6734
32,15,-7.5000000000,8.7526
32,16,-8.0000000000,8.7789
32,17,-8.5000000000,8.7526
32,18,-9.0000000000,8.6734
32,19,-9.5000000000,8.5408
32,20,-10.0000000000,8.3537
32,21,-10.5000000000,8.1107
32,22,-11.0000000000,7.8096
32,23,-11.5000000000,7.4479
32,24,-12.0000000000,7.0219
32,25,-12.5000000000,6.5271
32,26,-13.0000000000,5.9572
32,27,-13.5000000000,5.3040
32,28,-14.0000000000,4.5558
32,29,-14.5000000000,3.6955
32,30,-15.0000000000,2.6955
32,31,-15.5000000000,1.5051
32,32,-16.0000000000,0.0000
