BitsFlipped,OutputOnes,OutputFraction,ErrorPerN,Probability,MC_Probability,MC_Trials,LevelRealTrials,Log10TrialCount
0,128,0.5000000000,0.0000000000,1.000000000000e+00,1.000000000000e+00,20000,20000,0.0000
1,127,0.4960937500,-0.0039062500,5.000000000000e-01,4.967000000000e-01,20000,20000,2.4082
1,128,0.5000000000,0.0000000000,5.000000000000e-01,5.033000000000e-01,20000,20000,2.4082
2,127,0.4960937500,-0.0039062500,2.495107632094e-01,2.522000000000e-01,20000,20000,4.5138
2,128,0.5000000000,0.0000000000,5.009784735812e-01,5.009500000000e-01,20000,20000,4.8165
2,129,0.5039062500,0.0039062500,2.495107632094e-01,2.468500000000e-01,20000,20000,4.5138
3,126,0.4921875000,-0.0078125000,1.242661448141e-01,1.227000000000e-01,20000,20000,6.4415
3,127,0.4960937500,-0.0039062500,3.757338551859e-01,3.817000000000e-01,20000,20000,6.9220
3,128,0.5000000000,0.0000000000,3.757338551859e-01,3.754000000000e-01,20000,20000,6.9220
3,129,0.5039062500,0.0039062500,1.242661448141e-01,1.202000000000e-01,20000,20000,6.4415
4,126,0.4921875000,-0.0078125000,6.176686569345e-02,6.055000000000e-02,20000,20000,8.2425
4,127,0.4960937500,-0.0039062500,2.499971164826e-01,2.483000000000e-01,20000,20000,8.8497
4,128,0.5000000000,0.0000000000,3.764720356480e-01,3.787500000000e-01,20000,20000,9.0275
4,129,0.5039062500,0.0039062500,2.499971164826e-01,2.521000000000e-01,20000,20000,8.8497
4,130,0.5078125000,0.0078125000,6.176686569345e-02,6.030000000000e-02,20000,20000,8.2425
5,125,0.4882812500,-0.0117187500,3.064025621014e-02,3.050000000000e-02,20000,20000,9.9450
5,126,0.4921875000,-0.0078125000,1.556330474166e-01,1.589000000000e-01,20000,20000,10.6508
5,127,0.4960937500,-0.0039062500,3.137266963733e-01,3.123000000000e-01,20000,20000,10.9552
5,128,0.5000000000,0.0000000000,3.137266963733e-01,3.162500000000e-01,20000,20000,10.9552
5,129,0.5039062500,0.0039062500,1.556330474166e-01,1.525500000000e-01,20000,20000,10.6508
5,130,0.5078125000,0.0078125000,3.064025621014e-02,2.950000000000e-02,20000,20000,9.9450
6,125,0.4882812500,-0.0117187500,1.516904202908e-02,1.575000000000e-02,20000,20000,11.5665
6,126,0.4921875000,-0.0078125000,9.282728508633e-02,9.725000000000e-02,20000,20000,12.3532
6,127,0.4960937500,-0.0039062500,2.348309295339e-01,2.379000000000e-01,20000,20000,12.7563
6,128,0.5000000000,0.0000000000,3.143454867015e-01,3.085500000000e-01,20000,20000,12.8829
6,129,0.5039062500,0.0039062500,2.348309295339e-01,2.321500000000e-01,20000,20000,12.7563
6,130,0.5078125000,0.0078125000,9.282728508633e-02,9.295000000000e-02,20000,20000,12.3532
6,131,0.5117187500,0.0117187500,1.516904202908e-02,1.545000000000e-02,20000,20000,11.5665
7,124,0.4843750000,-0.0156250000,7.494585982747e-03,8.000000000000e-03,20000,20000,13.1193
7,125,0.4882812500,-0.0117187500,5.372119232433e-02,5.185000000000e-02,20000,20000,13.9747
7,126,0.4921875000,-0.0078125000,1.637319208291e-01,1.631000000000e-01,20000,20000,14.4587
7,127,0.4960937500,-0.0039062500,2.750523008638e-01,2.727000000000e-01,20000,20000,14.6840
7,128,0.5000000000,0.0000000000,2.750523008638e-01,2.748000000000e-01,20000,20000,14.6840
7,129,0.5039062500,0.0039062500,1.637319208291e-01,1.676000000000e-01,20000,20000,14.4587
7,130,0.5078125000,0.0078125000,5.372119232433e-02,5.425000000000e-02,20000,20000,13.9747
7,131,0.5117187500,0.0117187500,7.494585982747e-03,7.700000000000e-03,20000,20000,13.1193
8,124,0.4843750000,-0.0156250000,3.695350316246e-03,3.300000000000e-03,20000,20000,14.6124
8,125,0.4882812500,-0.0117187500,3.039388533201e-02,2.895000000000e-02,20000,20000,15.5276
8,126,0.4921875000,-0.0078125000,1.085061706353e-01,1.047000000000e-01,20000,20000,16.0802
8,127,0.4960937500,-0.0039062500,2.196061142738e-01,2.209000000000e-01,20000,20000,16.3864
8,128,0.5000000000,0.0000000000,2.755969588853e-01,2.823500000000e-01,20000,20000,16.4850
8,129,0.5039062500,0.0039062500,2.196061142738e-01,2.187000000000e-01,20000,20000,16.3864
8,130,0.5078125000,0.0078125000,1.085061706353e-01,1.078500000000e-01,20000,20000,16.0802
8,131,0.5117187500,0.0117187500,3.039388533201e-02,2.955000000000e-02,20000,20000,15.5276
8,132,0.5156250000,0.0156250000,3.695350316246e-03,3.700000000000e-03,20000,20000,14.6124
9,123,0.4804687500,-0.0195312500,1.818346981010e-03,1.600000000000e-03,20000,20000,16.0526
9,124,0.4843750000,-0.0156250000,1.689303001712e-02,1.795000000000e-02,20000,20000,17.0207
9,125,0.4882812500,-0.0117187500,6.920036392557e-02,7.010000000000e-02,20000,20000,17.6331
9,126,0.4921875000,-0.0078125000,1.640509960795e-01,1.684500000000e-01,20000,20000,18.0079
9,127,0.4960937500,-0.0039062500,2.480372629968e-01,2.446500000000e-01,20000,20000,18.1875
9,128,0.5000000000,0.0000000000,2.480372629968e-01,2.499500000000e-01,20000,20000,18.1875
9,129,0.5039062500,0.0039062500,1.640509960795e-01,1.600000000000e-01,20000,20000,18.0079
9,130,0.5078125000,0.0078125000,6.920036392557e-02,6.975000000000e-02,20000,20000,17.6331
9,131,0.5117187500,0.0117187500,1.689303001712e-02,1.570000000000e-02,20000,20000,17.0207
9,132,0.5156250000,0.0156250000,1.818346981010e-03,1.850000000000e-03,20000,20000,16.0526
10,123,0.4804687500,-0.0195312500,8.929059727822e-04,9.500000000000e-04,20000,20000,17.4453
10,124,0.4843750000,-0.0156250000,9.254410082277e-03,7.850000000000e-03,20000,20000,18.4609
10,125,0.4882812500,-0.0117187500,4.282030471537e-02,4.490000000000e-02,20000,20000,19.1262
10,126,0.4921875000,-0.0078125000,1.164804005109e-01,1.163500000000e-01,20000,20000,19.5608
10,127,0.4960937500,-0.0039062500,2.062867893048e-01,2.052500000000e-01,20000,20000,19.8090
10,128,0.5000000000,0.0000000000,2.485303788278e-01,2.491000000000e-01,20000,20000,19.8899
10,129,0.5039062500,0.0039062500,2.062867893048e-01,2.068500000000e-01,20000,20000,19.8090
10,130,0.5078125000,0.0078125000,1.164804005109e-01,1.145500000000e-01,20000,20000,19.5608
10,131,0.5117187500,0.0117187500,4.282030471537e-02,4.305000000000e-02,20000,20000,19.1262
10,132,0.5156250000,0.0156250000,9.254410082277e-03,1.040000000000e-02,20000,20000,18.4609
10,133,0.5195312500,0.0195312500,8.929059727822e-04,7.500000000000e-04,20000,20000,17.4453
11,122,0.4765625000,-0.0234375000,4.375595006064e-04,4.500000000000e-04,20000,20000,18.7949
11,123,0.4804687500,-0.0195312500,5.008811193933e-03,5.300000000000e-03,20000,20000,19.8536
11,124,0.4843750000,-0.0156250000,2.585519948285e-02,2.850000000000e-02,20000,20000,20.5664
11,125,0.4882812500,-0.0117187500,7.944218550780e-02,8.020000000000e-02,20000,20000,21.0539
11,126,0.4921875000,-0.0078125000,1.614367303894e-01,1.574000000000e-01,20000,20000,21.3618
11,127,0.4960937500,-0.0039062500,2.278195139255e-01,2.269500000000e-01,20000,20000,21.5114
11,128,0.5000000000,0.0000000000,2.278195139255e-01,2.290500000000e-01,20000,20000,21.5114
11,129,0.5039062500,0.0039062500,1.614367303894e-01,1.630000000000e-01,20000,20000,21.3618
11,130,0.5078125000,0.0078125000,7.944218550780e-02,8.000000000000e-02,20000,20000,21.0539
11,131,0.5117187500,0.0117187500,2.585519948285e-02,2.395000000000e-02,20000,20000,20.5664
11,132,0.5156250000,0.0156250000,5.008811193933e-03,4.800000000000e-03,20000,20000,19.8536
11,133,0.5195312500,0.0195312500,4.375595006064e-04,4.000000000000e-04,20000,20000,18.7949
12,122,0.4765625000,-0.0234375000,2.139762028914e-04,3.500000000000e-04,20000,20000,20.1049
12,123,0.4804687500,-0.0195312500,2.682999572581e-03,3.000000000000e-03,20000,20000,21.2031
12,124,0.4843750000,-0.0156250000,1.529636951441e-02,1.600000000000e-02,20000,20000,21.9591
12,125,0.4882812500,-0.0117187500,5.243289955006e-02,5.190000000000e-02,20000,20000,22.4941
12,126,0.4921875000,-0.0078125000,1.203525325358e-01,1.226000000000e-01,20000,20000,22.8550
12,127,0.4960937500,-0.0039062500,1.948841008772e-01,1.938500000000e-01,20000,20000,23.0643
12,128,0.5000000000,0.0000000000,2.282742434942e-01,2.292500000000e-01,20000,20000,23.1330
12,129,0.5039062500,0.0039062500,1.948841008772e-01,1.892500000000e-01,20000,20000,23.0643
12,130,0.5078125000,0.0078125000,1.203525325358e-01,1.232500000000e-01,20000,20000,22.8550
12,131,0.5117187500,0.0117187500,5.243289955006e-02,5.200000000000e-02,20000,20000,22.4941
12,132,0.5156250000,0.0156250000,1.529636951441e-02,1.505000000000e-02,20000,20000,21.9591
12,133,0.5195312500,0.0195312500,2.682999572581e-03,3.150000000000e-03,20000,20000,21.2031
12,134,0.5234375000,0.0234375000,2.139762028914e-04,3.500000000000e-04,20000,20000,20.1049
13,121,0.4726562500,-0.0273437500,1.044203870110e-04,2.500000000000e-04,20000,20000,21.3783
13,122,0.4765625000,-0.0234375000,1.424225606445e-03,1.600000000000e-03,20000,20000,22.5131
13,123,0.4804687500,-0.0195312500,8.894143583105e-03,8.550000000000e-03,20000,20000,23.3086
13,124,0.4843750000,-0.0156250000,3.367240809105e-02,3.145000000000e-02,20000,20000,23.8868
13,125,0.4882812500,-0.0117187500,8.622590331007e-02,8.830000000000e-02,20000,20000,24.2952
13,126,0.4921875000,-0.0078125000,1.577099586349e-01,1.599000000000e-01,20000,20000,24.5574
13,127,0.4960937500,-0.0039062500,2.119689403874e-01,2.097500000000e-01,20000,20000,24.6858
13,128,0.5000000000,0.0000000000,2.119689403874e-01,2.136000000000e-01,20000,20000,24.6858
13,129,0.5039062500,0.0039062500,1.577099586349e-01,1.568000000000e-01,20000,20000,24.5574
13,130,0.5078125000,0.0078125000,8.622590331007e-02,8.595000000000e-02,20000,20000,24.2952
13,131,0.5117187500,0.0117187500,3.367240809105e-02,3.415000000000e-02,20000,20000,23.8868
13,132,0.5156250000,0.0156250000,8.894143583105e-03,8.250000000000e-03,20000,20000,23.3086
13,133,0.5195312500,0.0195312500,1.424225606445e-03,1.400000000000e-03,20000,20000,22.5131
13,134,0.5234375000,0.0234375000,1.044203870110e-04,5.000000000000e-05,20000,20000,21.3783
14,121,0.4726562500,-0.0273437500,5.085000810354e-05,0.000000000000e+00,20000,20000,22.6178
14,122,0.4765625000,-0.0234375000,7.499853047041e-04,1.050000000000e-03,20000,20000,23.7865
14,123,0.4804687500,-0.0195312500,5.094674764537e-03,5.350000000000e-03,20000,20000,24.6186
14,124,0.4843750000,-0.0156250000,2.112730432967e-02,2.055000000000e-02,20000,20000,25.2363
14,125,0.4882812500,-0.0117187500,5.975334141207e-02,5.840000000000e-02,20000,20000,25.6879
14,126,0.4921875000,-0.0078125000,1.219258464441e-01,1.214500000000e-01,20000,20000,25.9976
14,127,0.4960937500,-0.0039062500,1.851011338153e-01,1.849000000000e-01,20000,20000,26.1789
14,128,0.5000000000,0.0000000000,2.123937278431e-01,2.146500000000e-01,20000,20000,26.2386
14,129,0.5039062500,0.0039062500,1.851011338153e-01,1.833500000000e-01,20000,20000,26.1789
14,130,0.5078125000,0.0078125000,1.219258464441e-01,1.219500000000e-01,20000,20000,25.9976
14,131,0.5117187500,0.0117187500,5.975334141207e-02,6.010000000000e-02,20000,20000,25.6879
14,132,0.5156250000,0.0156250000,2.112730432967e-02,2.200000000000e-02,20000,20000,25.2363
14,133,0.5195312500,0.0195312500,5.094674764537e-03,5.650000000000e-03,20000,20000,24.6186
14,134,0.5234375000,0.0234375000,7.499853047041e-04,6.000000000000e-04,20000,20000,23.7865
14,135,0.5273437500,0.0273437500,5.085000810354e-05,0.000000000000e+00,20000,20000,22.6178
15,120,0.4687500000,-0.0312500000,2.471024490172e-05,5.000000000000e-05,20000,20000,23.8255
15,121,0.4726562500,-0.0273437500,3.920964480273e-04,4.500000000000e-04,20000,20000,25.0260
15,122,0.4765625000,-0.0234375000,2.880214649090e-03,3.000000000000e-03,20000,20000,25.8921
15,123,0.4804687500,-0.0195312500,1.299244367663e-02,1.300000000000e-02,20000,20000,26.5463
15,124,0.4843750000,-0.0156250000,4.025006020638e-02,4.280000000000e-02,20000,20000,27.0374
15,125,0.4882812500,-0.0117187500,9.070989178218e-02,9.210000000000e-02,20000,20000,27.3903
15,126,0.4921875000,-0.0078125000,1.536314631399e-01,1.440000000000e-01,20000,20000,27.6191
15,127,0.4960937500,-0.0039062500,1.991191198529e-01,2.000000000000e-01,20000,20000,27.7317
15,128,0.5000000000,0.0000000000,1.991191198529e-01,1.989000000000e-01,20000,20000,27.7317
15,129,0.5039062500,0.0039062500,1.536314631399e-01,1.567500000000e-01,20000,20000,27.6191
15,130,0.5078125000,0.0078125000,9.070989178218e-02,9.345000000000e-02,20000,20000,27.3903
15,131,0.5117187500,0.0117187500,4.025006020638e-02,3.910000000000e-02,20000,20000,27.0374
15,132,0.5156250000,0.0156250000,1.299244367663e-02,1.330000000000e-02,20000,20000,26.5463
15,133,0.5195312500,0.0195312500,2.880214649090e-03,2.550000000000e-03,20000,20000,25.8921
15,134,0.5234375000,0.0234375000,3.920964480273e-04,5.000000000000e-04,20000,20000,25.0260
15,135,0.5273437500,0.0273437500,2.471024490172e-05,5.000000000000e-05,20000,20000,23.8255
16,120,0.4687500000,-0.0312500000,1.198223143122e-05,5.000000000000e-05,20000,20000,25.0034
16,121,0.4726562500,-0.0273437500,2.036482155281e-04,2.000000000000e-04,20000,20000,26.2337
16,122,0.4765625000,-0.0234375000,1.609409967758e-03,2.250000000000e-03,20000,20000,27.1315
16,123,0.4804687500,-0.0195312500,7.850564945607e-03,7.550000000000e-03,20000,20000,27.8198
16,124,0.4843750000,-0.0156250000,2.645543863330e-02,2.505000000000e-02,20000,20000,28.3474
16,125,0.4882812500,-0.0117187500,6.530713994049e-02,6.515000000000e-02,20000,20000,28.7398
16,126,0.4921875000,-0.0078125000,1.221632881949e-01,1.217000000000e-01,20000,20000,29.0118
16,127,0.4960937500,-0.0039062500,1.766386468984e-01,1.802000000000e-01,20000,20000,29.1720
16,128,0.5000000000,0.0000000000,1.995197619452e-01,1.969500000000e-01,20000,20000,29.2249
16,129,0.5039062500,0.0039062500,1.766386468984e-01,1.784000000000e-01,20000,20000,29.1720
16,130,0.5078125000,0.0078125000,1.221632881949e-01,1.203500000000e-01,20000,20000,29.0118
16,131,0.5117187500,0.0117187500,6.530713994049e-02,6.690000000000e-02,20000,20000,28.7398
16,132,0.5156250000,0.0156250000,2.645543863330e-02,2.675000000000e-02,20000,20000,28.3474
16,133,0.5195312500,0.0195312500,7.850564945607e-03,7.000000000000e-03,20000,20000,27.8198
16,134,0.5234375000,0.0234375000,1.609409967758e-03,1.300000000000e-03,20000,20000,27.1315
16,135,0.5273437500,0.0273437500,2.036482155281e-04,2.000000000000e-04,20000,20000,26.2337
16,136,0.5312500000,0.0312500000,1.198223143122e-05,0.000000000000e+00,20000,20000,25.0034
17,119,0.4648437500,-0.0351562500,5.797853918331e-06,0.000000000000e+00,20000,20000,26.1532
17,120,0.4687500000,-0.0312500000,1.051344177191e-04,1.500000000000e-04,20000,20000,27.4116
17,121,0.4726562500,-0.0273437500,8.899344902361e-04,7.000000000000e-04,20000,20000,28.3393
17,122,0.4765625000,-0.0234375000,4.670317366115e-03,4.800000000000e-03,20000,20000,29.0592
17,123,0.4804687500,-0.0195312500,1.701879023743e-02,1.515000000000e-02,20000,20000,29.6208
17,124,0.4843750000,-0.0156250000,4.569963673591e-02,4.675000000000e-02,20000,20000,30.0498
17,125,0.4882812500,-0.0117187500,9.363762302623e-02,9.470000000000e-02,20000,20000,30.3614
17,126,0.4921875000,-0.0078125000,1.495374351464e-01,1.476000000000e-01,20000,20000,30.5647
17,127,0.4960937500,-0.0039062500,1.884353307260e-01,1.911000000000e-01,20000,20000,30.6651
17,128,0.5000000000,0.0000000000,1.884353307260e-01,1.907000000000e-01,20000,20000,30.6651
17,129,0.5039062500,0.0039062500,1.495374351464e-01,1.517000000000e-01,20000,20000,30.5647
17,130,0.5078125000,0.0078125000,9.363762302623e-02,8.945000000000e-02,20000,20000,30.3614
17,131,0.5117187500,0.0117187500,4.569963673591e-02,4.380000000000e-02,20000,20000,30.0498
17,132,0.5156250000,0.0156250000,1.701879023743e-02,1.705000000000e-02,20000,20000,29.6208
17,133,0.5195312500,0.0195312500,4.670317366115e-03,5.150000000000e-03,20000,20000,29.0592
17,134,0.5234375000,0.0234375000,8.899344902361e-04,9.500000000000e-04,20000,20000,28.3393
17,135,0.5273437500,0.0273437500,1.051344177191e-04,2.500000000000e-04,20000,20000,27.4116
17,136,0.5312500000,0.0312500000,5.797853918331e-06,0.000000000000e+00,20000,20000,26.1532
18,119,0.4648437500,-0.0351562500,2.799367851477e-06,0.000000000000e+00,20000,20000,27.2763
18,120,0.4687500000,-0.0312500000,5.397274920337e-05,5.000000000000e-05,20000,20000,28.5614
18,121,0.4726562500,-0.0273437500,4.874413912429e-04,6.500000000000e-04,20000,20000,29.5172
18,122,0.4765625000,-0.0234375000,2.739919521454e-03,2.950000000000e-03,20000,20000,30.2670
18,123,0.4804687500,-0.0195312500,1.074172994206e-02,1.090000000000e-02,20000,20000,30.8603
18,124,0.4843750000,-0.0156250000,3.119080101696e-02,3.250000000000e-02,20000,20000,31.3233
18,125,0.4882812500,-0.0117187500,6.951884133766e-02,7.000000000000e-02,20000,20000,31.6713
18,126,0.4921875000,-0.0078125000,1.216073026315e-01,1.180500000000e-01,20000,20000,31.9142
18,127,0.4960937500,-0.0039062500,1.692491879612e-01,1.648500000000e-01,20000,20000,32.0578
18,128,0.5000000000,0.0000000000,1.888160081618e-01,1.876500000000e-01,20000,20000,32.1053
18,129,0.5039062500,0.0039062500,1.692491879612e-01,1.724500000000e-01,20000,20000,32.0578
18,130,0.5078125000,0.0078125000,1.216073026315e-01,1.253000000000e-01,20000,20000,31.9142
18,131,0.5117187500,0.0117187500,6.951884133766e-02,6.860000000000e-02,20000,20000,31.6713
18,132,0.5156250000,0.0156250000,3.119080101696e-02,3.085000000000e-02,20000,20000,31.3233
18,133,0.5195312500,0.0195312500,1.074172994206e-02,1.180000000000e-02,20000,20000,30.8603
18,134,0.5234375000,0.0234375000,2.739919521454e-03,2.850000000000e-03,20000,20000,30.2670
18,135,0.5273437500,0.0273437500,4.874413912429e-04,5.500000000000e-04,20000,20000,29.5172
18,136,0.5312500000,0.0312500000,5.397274920337e-05,0.000000000000e+00,20000,20000,28.5614
18,137,0.5351562500,0.0351562500,2.799367851477e-06,0.000000000000e+00,20000,20000,27.2763
19,118,0.4609375000,-0.0390625000,1.348683296865e-06,0.000000000000e+00,20000,20000,28.3741
19,119,0.4648437500,-0.0351562500,2.756300653762e-05,5.000000000000e-05,20000,20000,29.6845
19,120,0.4687500000,-0.0312500000,2.646740585935e-04,2.500000000000e-04,20000,20000,30.6669
19,121,0.4726562500,-0.0273437500,1.587309145842e-03,1.950000000000e-03,20000,20000,31.4449
19,122,0.4765625000,-0.0234375000,6.665381143537e-03,7.350000000000e-03,20000,20000,32.0680
19,123,0.4804687500,-0.0195312500,2.082243034923e-02,2.140000000000e-02,20000,20000,32.5627
19,124,0.4843750000,-0.0156250000,5.018519907216e-02,5.015000000000e-02,20000,20000,32.9448
19,125,0.4882812500,-0.0117187500,9.549291392536e-02,9.800000000000e-02,20000,20000,33.2242
19,126,0.4921875000,-0.0078125000,1.455779728617e-01,1.473500000000e-01,20000,20000,33.4073
19,127,0.4960937500,-0.0039062500,1.793752077537e-01,1.781500000000e-01,20000,20000,33.4980
19,128,0.5000000000,0.0000000000,1.793752077537e-01,1.761000000000e-01,20000,20000,33.4980
19,129,0.5039062500,0.0039062500,1.455779728617e-01,1.436500000000e-01,20000,20000,33.4073
19,130,0.5078125000,0.0078125000,9.549291392536e-02,9.455000000000e-02,20000,20000,33.2242
19,131,0.5117187500,0.0117187500,5.018519907216e-02,4.950000000000e-02,20000,20000,32.9448
19,132,0.5156250000,0.0156250000,2.082243034923e-02,2.285000000000e-02,20000,20000,32.5627
19,133,0.5195312500,0.0195312500,6.665381143537e-03,6.500000000000e-03,20000,20000,32.0680
19,134,0.5234375000,0.0234375000,1.587309145842e-03,2.000000000000e-03,20000,20000,31.4449
19,135,0.5273437500,0.0273437500,2.646740585935e-04,2.000000000000e-04,20000,20000,30.6669
19,136,0.5312500000,0.0312500000,2.756300653762e-05,0.000000000000e+00,20000,20000,29.6845
19,137,0.5351562500,0.0351562500,1.348683296865e-06,0.000000000000e+00,20000,20000,28.3741
20,118,0.4609375000,-0.0390625000,6.483528222254e-07,0.000000000000e+00,20000,20000,29.4478
20,119,0.4648437500,-0.0351562500,1.400660949280e-05,5.000000000000e-05,20000,20000,30.7824
20,120,0.4687500000,-0.0312500000,1.425672751946e-04,2.000000000000e-04,20000,20000,31.7900
20,121,0.4726562500,-0.0273437500,9.090900727889e-04,9.000000000000e-04,20000,20000,32.5946
20,122,0.4765625000,-0.0234375000,4.072912919859e-03,5.350000000000e-03,20000,20000,33.2459
20,123,0.4804687500,-0.0195312500,1.362820323060e-02,1.375000000000e-02,20000,20000,33.7705
20,124,0.4843750000,-0.0156250000,3.533759308761e-02,3.410000000000e-02,20000,20000,34.1843
20,125,0.4882812500,-0.0117187500,7.271109688809e-02,7.220000000000e-02,20000,20000,34.4976
20,126,0.4921875000,-0.0078125000,1.205767523703e-01,1.185500000000e-01,20000,20000,34.7173
20,127,0.4960937500,-0.0039062500,1.627376031990e-01,1.621500000000e-01,20000,20000,34.8475
20,128,0.5000000000,0.0000000000,1.797390519885e-01,1.817000000000e-01,20000,20000,34.8907
20,129,0.5039062500,0.0039062500,1.627376031990e-01,1.628500000000e-01,20000,20000,34.8475
20,130,0.5078125000,0.0078125000,1.205767523703e-01,1.202500000000e-01,20000,20000,34.7173
20,131,0.5117187500,0.0117187500,7.271109688809e-02,7.345000000000e-02,20000,20000,34.4976
20,132,0.5156250000,0.0156250000,3.533759308761e-02,3.720000000000e-02,20000,20000,34.1843
20,133,0.5195312500,0.0195312500,1.362820323060e-02,1.275000000000e-02,20000,20000,33.7705
20,134,0.5234375000,0.0234375000,4.072912919859e-03,3.700000000000e-03,20000,20000,33.2459
20,135,0.5273437500,0.0273437500,9.090900727889e-04,8.000000000000e-04,20000,20000,32.5946
20,136,0.5312500000,0.0312500000,1.425672751946e-04,5.000000000000e-05,20000,20000,31.7900
20,137,0.5351562500,0.0351562500,1.400660949280e-05,0.000000000000e+00,20000,20000,30.7824
20,138,0.5390625000,0.0390625000,6.483528222254e-07,0.000000000000e+00,20000,20000,29.4478
21,117,0.4570312500,-0.0429687500,3.109985082219e-07,0.000000000000e+00,20000,20000,30.4985
21,118,0.4609375000,-0.0390625000,7.084440594072e-06,0.000000000000e+00,20000,20000,31.8561
21,119,0.4648437500,-0.0351562500,7.622499373369e-05,1.000000000000e-04,20000,20000,32.8879
21,120,0.4687500000,-0.0312500000,5.152126327154e-04,7.000000000000e-04,20000,20000,33.7178
21,121,0.4726562500,-0.0273437500,2.454266034922e-03,2.500000000000e-03,20000,20000,34.3957
21,122,0.4765625000,-0.0234375000,8.761729744673e-03,8.700000000000e-03,20000,20000,34.9484
21,123,0.4804687500,-0.0195312500,2.433409865464e-02,2.315000000000e-02,20000,20000,35.3920
21,124,0.4843750000,-0.0156250000,5.386828214575e-02,5.520000000000e-02,20000,20000,35.7371
21,125,0.4882812500,-0.0117187500,9.659713557617e-02,9.625000000000e-02,20000,20000,35.9907
21,126,0.4921875000,-0.0078125000,1.418165596983e-01,1.416500000000e-01,20000,20000,36.1575
21,127,0.4960937500,-0.0039062500,1.715690950800e-01,1.676500000000e-01,20000,20000,36.2402
21,128,0.5000000000,0.0000000000,1.715690950800e-01,1.725500000000e-01,20000,20000,36.2402
21,129,0.5039062500,0.0039062500,1.418165596983e-01,1.443000000000e-01,20000,20000,36.1575
21,130,0.5078125000,0.0078125000,9.659713557617e-02,9.755000000000e-02,20000,20000,35.9907
21,131,0.5117187500,0.0117187500,5.386828214575e-02,5.340000000000e-02,20000,20000,35.7371
21,132,0.5156250000,0.0156250000,2.433409865464e-02,2.290000000000e-02,20000,20000,35.3920
21,133,0.5195312500,0.0195312500,8.761729744673e-03,9.600000000000e-03,20000,20000,34.9484
21,134,0.5234375000,0.0234375000,2.454266034922e-03,3.100000000000e-03,20000,20000,34.3957
21,135,0.5273437500,0.0273437500,5.152126327154e-04,5.000000000000e-04,20000,20000,33.7178
21,136,0.5312500000,0.0312500000,7.622499373369e-05,1.000000000000e-04,20000,20000,32.8879
21,137,0.5351562500,0.0351562500,7.084440594072e-06,1.000000000000e-04,20000,20000,31.8561
21,138,0.5390625000,0.0390625000,3.109985082219e-07,0.000000000000e+00,20000,20000,30.4985
22,117,0.4570312500,-0.0429687500,1.488485731816e-07,0.000000000000e+00,20000,20000,31.5272
22,118,0.4609375000,-0.0390625000,3.567298570888e-06,0.000000000000e+00,20000,20000,32.9068
22,119,0.4648437500,-0.0351562500,4.047221154047e-05,5.000000000000e-05,20000,20000,33.9616
22,120,0.4687500000,-0.0312500000,2.891685437772e-04,3.000000000000e-04,20000,20000,34.8156
22,121,0.4726562500,-0.0273437500,1.460118896993e-03,1.750000000000e-03,20000,20000,35.5188
22,122,0.4765625000,-0.0234375000,5.542342524485e-03,5.200000000000e-03,20000,20000,36.0981
22,123,0.4804687500,-0.0195312500,1.642303857776e-02,1.615000000000e-02,20000,20000,36.5699
22,124,0.4843750000,-0.0156250000,3.894022187969e-02,3.745000000000e-02,20000,20000,36.9448
22,125,0.4882812500,-0.0117187500,7.512485987637e-02,7.535000000000e-02,20000,20000,37.2302
22,126,0.4921875000,-0.0078125000,1.192654382674e-01,1.196500000000e-01,20000,20000,37.4309
22,127,0.4960937500,-0.0039062500,1.569513615888e-01,1.545000000000e-01,20000,20000,37.5502
22,128,0.5000000000,0.0000000000,1.719185229722e-01,1.773000000000e-01,20000,20000,37.5898
22,129,0.5039062500,0.0039062500,1.569513615888e-01,1.555500000000e-01,20000,20000,37.5502
22,130,0.5078125000,0.0078125000,1.192654382674e-01,1.176000000000e-01,20000,20000,37.4309
22,131,0.5117187500,0.0117187500,7.512485987637e-02,7.615000000000e-02,20000,20000,37.2302
22,132,0.5156250000,0.0156250000,3.894022187969e-02,3.920000000000e-02,20000,20000,36.9448
22,133,0.5195312500,0.0195312500,1.642303857776e-02,1.610000000000e-02,20000,20000,36.5699
22,134,0.5234375000,0.0234375000,5.542342524485e-03,5.400000000000e-03,20000,20000,36.0981
22,135,0.5273437500,0.0273437500,1.460118896993e-03,1.900000000000e-03,20000,20000,35.5188
22,136,0.5312500000,0.0312500000,2.891685437772e-04,2.500000000000e-04,20000,20000,34.8156
22,137,0.5351562500,0.0351562500,4.047221154047e-05,5.000000000000e-05,20000,20000,33.9616
22,138,0.5390625000,0.0390625000,3.567298570888e-06,1.000000000000e-04,20000,20000,32.9068
22,139,0.5429687500,0.0429687500,1.488485731816e-07,0.000000000000e+00,20000,20000,31.5272
23,116,0.4531250000,-0.0468750000,7.108278800916e-08,0.000000000000e+00,20000,20000,32.5347
23,117,0.4570312500,-0.0429687500,1.788613058965e-06,0.000000000000e+00,20000,20000,33.9354
23,118,0.4609375000,-0.0390625000,2.134918991659e-05,5.000000000000e-05,20000,20000,35.0123
23,119,0.4648437500,-0.0351562500,1.608426257275e-04,1.500000000000e-04,20000,20000,35.8893
23,120,0.4687500000,-0.0312500000,8.585059980815e-04,7.500000000000e-04,20000,20000,36.6166
23,121,0.4726562500,-0.0273437500,3.454224133457e-03,3.200000000000e-03,20000,20000,37.2212
23,122,0.4765625000,-0.0234375000,1.088297394349e-02,1.080000000000e-02,20000,20000,37.7196
23,123,0.4804687500,-0.0195312500,2.753133289275e-02,2.820000000000e-02,20000,20000,38.1227
23,124,0.4843750000,-0.0156250000,5.689047211863e-02,5.755000000000e-02,20000,20000,38.4379
23,125,0.4882812500,-0.0117187500,9.716829948636e-02,9.460000000000e-02,20000,20000,38.6704
23,126,0.4921875000,-0.0078125000,1.382748887341e-01,1.416500000000e-01,20000,20000,38.8236
23,127,0.4960937500,-0.0039062500,1.647552511817e-01,1.687500000000e-01,20000,20000,38.8997
23,128,0.5000000000,0.0000000000,1.647552511817e-01,1.618000000000e-01,20000,20000,38.8997
23,129,0.5039062500,0.0039062500,1.382748887341e-01,1.386500000000e-01,20000,20000,38.8236
23,130,0.5078125000,0.0078125000,9.716829948636e-02,9.610000000000e-02,20000,20000,38.6704
23,131,0.5117187500,0.0117187500,5.689047211863e-02,5.620000000000e-02,20000,20000,38.4379
23,132,0.5156250000,0.0156250000,2.753133289275e-02,2.630000000000e-02,20000,20000,38.1227
23,133,0.5195312500,0.0195312500,1.088297394349e-02,1.075000000000e-02,20000,20000,37.7196
23,134,0.5234375000,0.0234375000,3.454224133457e-03,3.150000000000e-03,20000,20000,37.2212
23,135,0.5273437500,0.0273437500,8.585059980815e-04,1.150000000000e-03,20000,20000,36.6166
23,136,0.5312500000,0.0312500000,1.608426257275e-04,2.000000000000e-04,20000,20000,35.8893
23,137,0.5351562500,0.0351562500,2.134918991659e-05,0.000000000000e+00,20000,20000,35.0123
23,138,0.5390625000,0.0390625000,1.788613058965e-06,0.000000000000e+00,20000,20000,33.9354
23,139,0.5429687500,0.0429687500,7.108278800916e-08,0.000000000000e+00,20000,20000,32.5347
24,116,0.4531250000,-0.0468750000,3.386971289598e-08,0.000000000000e+00,20000,20000,33.5218
24,117,0.4570312500,-0.0429687500,8.931138027163e-07,0.000000000000e+00,20000,20000,34.9429
24,118,0.4609375000,-0.0390625000,1.119254797635e-05,0.000000000000e+00,20000,20000,36.0409
24,119,0.4648437500,-0.0351562500,8.871483417282e-05,1.000000000000e-04,20000,20000,36.9400
24,120,0.4687500000,-0.0312500000,4.993028749578e-04,4.500000000000e-04,20000,20000,37.6904
24,121,0.4726562500,-0.0273437500,2.123617290960e-03,2.200000000000e-03,20000,20000,38.3191
24,122,0.4765625000,-0.0234375000,7.092108445789e-03,6.400000000000e-03,20000,20000,38.8428
24,123,0.4804687500,-0.0195312500,1.907620323135e-02,1.875000000000e-02,20000,20000,39.2725
24,124,0.4843750000,-0.0156250000,4.205706681162e-02,4.370000000000e-02,20000,20000,39.6158
24,125,0.4882812500,-0.0117187500,7.693980687345e-02,7.530000000000e-02,20000,20000,39.8781
24,126,0.4921875000,-0.0078125000,1.177942084571e-01,1.176000000000e-01,20000,20000,40.0631
24,127,0.4960937500,-0.0039062500,1.517707646563e-01,1.508000000000e-01,20000,20000,40.1732
24,128,0.5000000000,0.0000000000,1.650921739857e-01,1.658500000000e-01,20000,20000,40.2097
24,129,0.5039062500,0.0039062500,1.517707646563e-01,1.523500000000e-01,20000,20000,40.1732
24,130,0.5078125000,0.0078125000,1.177942084571e-01,1.181500000000e-01,20000,20000,40.0631
24,131,0.5117187500,0.0117187500,7.693980687345e-02,7.650000000000e-02,20000,20000,39.8781
24,132,0.5156250000,0.0156250000,4.205706681162e-02,4.220000000000e-02,20000,20000,39.6158
24,133,0.5195312500,0.0195312500,1.907620323135e-02,2.050000000000e-02,20000,20000,39.2725
24,134,0.5234375000,0.0234375000,7.092108445789e-03,6.650000000000e-03,20000,20000,38.8428
24,135,0.5273437500,0.0273437500,2.123617290960e-03,1.950000000000e-03,20000,20000,38.3191
24,136,0.5312500000,0.0312500000,4.993028749578e-04,4.000000000000e-04,20000,20000,37.6904
24,137,0.5351562500,0.0351562500,8.871483417282e-05,1.000000000000e-04,20000,20000,36.9400
24,138,0.5390625000,0.0390625000,1.119254797635e-05,5.000000000000e-05,20000,20000,36.0409
24,139,0.5429687500,0.0429687500,8.931138027163e-07,0.000000000000e+00,20000,20000,34.9429
24,140,0.5468750000,0.0468750000,3.386971289598e-08,0.000000000000e+00,20000,20000,33.5218
25,115,0.4492187500,-0.0507812500,1.610199465547e-08,0.000000000000e+00,20000,20000,34.4894
25,116,0.4531250000,-0.0468750000,4.441929560128e-07,0.000000000000e+00,20000,20000,35.9300
25,117,0.4570312500,-0.0429687500,5.833607061800e-06,0.000000000000e+00,20000,20000,37.0484
25,118,0.4609375000,-0.0390625000,4.854691232911e-05,1.000000000000e-04,20000,20000,37.9686
25,119,0.4648437500,-0.0351562500,2.874596957700e-04,2.500000000000e-04,20000,20000,38.7411
25,120,0.4687500000,-0.0312500000,1.289183652555e-03,1.050000000000e-03,20000,20000,39.3928
25,121,0.4726562500,-0.0273437500,4.551126537149e-03,4.900000000000e-03,20000,20000,39.9406
25,122,0.4765625000,-0.0234375000,1.297590099127e-02,1.240000000000e-02,20000,20000,40.3956
25,123,0.4804687500,-0.0195312500,3.041735786761e-02,3.060000000000e-02,20000,20000,40.7656
25,124,0.4843750000,-0.0156250000,5.937017628234e-02,6.270000000000e-02,20000,20000,41.0560
25,125,0.4882812500,-0.0117187500,9.735723513188e-02,9.600000000000e-02,20000,20000,41.2708
25,126,0.4921875000,-0.0078125000,1.349542440408e-01,1.373500000000e-01,20000,20000,41.4127
25,127,0.4960937500,-0.0039062500,1.587424749863e-01,1.579500000000e-01,20000,20000,41.4832
25,128,0.5000000000,0.0000000000,1.587424749863e-01,1.516500000000e-01,20000,20000,41.4832
25,129,0.5039062500,0.0039062500,1.349542440408e-01,1.379000000000e-01,20000,20000,41.4127
25,130,0.5078125000,0.0078125000,9.735723513188e-02,9.610000000000e-02,20000,20000,41.2708
25,131,0.5117187500,0.0117187500,5.937017628234e-02,6.045000000000e-02,20000,20000,41.0560
25,132,0.5156250000,0.0156250000,3.041735786761e-02,3.055000000000e-02,20000,20000,40.7656
25,133,0.5195312500,0.0195312500,1.297590099127e-02,1.345000000000e-02,20000,20000,40.3956
25,134,0.5234375000,0.0234375000,4.551126537149e-03,4.700000000000e-03,20000,20000,39.9406
25,135,0.5273437500,0.0273437500,1.289183652555e-03,1.500000000000e-03,20000,20000,39.3928
25,136,0.5312500000,0.0312500000,2.874596957700e-04,3.000000000000e-04,20000,20000,38.7411
25,137,0.5351562500,0.0351562500,4.854691232911e-05,5.000000000000e-05,20000,20000,37.9686
25,138,0.5390625000,0.0390625000,5.833607061800e-06,5.000000000000e-05,20000,20000,37.0484
25,139,0.5429687500,0.0429687500,4.441929560128e-07,0.000000000000e+00,20000,20000,35.9300
25,140,0.5468750000,0.0468750000,1.610199465547e-08,0.000000000000e+00,20000,20000,34.4894
26,115,0.4492187500,-0.0507812500,7.637701777028e-09,0.000000000000e+00,20000,20000,35.4380
26,116,0.4531250000,-0.0468750000,2.200716148394e-07,0.000000000000e+00,20000,20000,36.8976
26,117,0.4570312500,-0.0429687500,3.023613242675e-06,0.000000000000e+00,20000,20000,38.0356
26,118,0.4609375000,-0.0390625000,2.636902192753e-05,0.000000000000e+00,20000,20000,38.9761
26,119,0.4648437500,-0.0351562500,1.639330540559e-04,2.500000000000e-04,20000,20000,39.7697
26,120,0.4687500000,-0.0312500000,7.734849801582e-04,5.000000000000e-04,20000,20000,40.4435
26,121,0.4726562500,-0.0273437500,2.879265063851e-03,3.000000000000e-03,20000,20000,41.0143
26,122,0.4765625000,-0.0234375000,8.677712669836e-03,8.400000000000e-03,20000,20000,41.4934
26,123,0.4804687500,-0.0195312500,2.156211063077e-02,2.220000000000e-02,20000,20000,41.8887
26,124,0.4843750000,-0.0156250000,4.474814591156e-02,4.390000000000e-02,20000,20000,42.2058
26,125,0.4882812500,-0.0117187500,7.829061028444e-02,7.810000000000e-02,20000,20000,42.4487
26,126,0.4921875000,-0.0078125000,1.162398498980e-01,1.133500000000e-01,20000,20000,42.6204
26,127,0.4960937500,-0.0039062500,1.471010497159e-01,1.468000000000e-01,20000,20000,42.7226
26,128,0.5000000000,0.0000000000,1.590684348938e-01,1.560500000000e-01,20000,20000,42.7566
26,129,0.5039062500,0.0039062500,1.471010497159e-01,1.468500000000e-01,20000,20000,42.7226
26,130,0.5078125000,0.0078125000,1.162398498980e-01,1.185500000000e-01,20000,20000,42.6204
26,131,0.5117187500,0.0117187500,7.829061028444e-02,8.070000000000e-02,20000,20000,42.4487
26,132,0.5156250000,0.0156250000,4.474814591156e-02,4.730000000000e-02,20000,20000,42.2058
26,133,0.5195312500,0.0195312500,2.156211063077e-02,2.120000000000e-02,20000,20000,41.8887
26,134,0.5234375000,0.0234375000,8.677712669836e-03,8.700000000000e-03,20000,20000,41.4934
26,135,0.5273437500,0.0273437500,2.879265063851e-03,2.700000000000e-03,20000,20000,41.0143
26,136,0.5312500000,0.0312500000,7.734849801582e-04,1.200000000000e-03,20000,20000,40.4435
26,137,0.5351562500,0.0351562500,1.639330540559e-04,2.500000000000e-04,20000,20000,39.7697
26,138,0.5390625000,0.0390625000,2.636902192753e-05,0.000000000000e+00,20000,20000,38.9761
26,139,0.5429687500,0.0429687500,3.023613242675e-06,0.000000000000e+00,20000,20000,38.0356
26,140,0.5468750000,0.0468750000,2.200716148394e-07,0.000000000000e+00,20000,20000,36.8976
26,141,0.5507812500,0.0507812500,7.637701777028e-09,0.000000000000e+00,20000,20000,35.4380
27,114,0.4453125000,-0.0546875000,3.614550223696e-09,0.000000000000e+00,20000,20000,36.3684
27,115,0.4492187500,-0.0507812500,1.086250919400e-07,0.000000000000e+00,20000,20000,37.8462
27,116,0.4531250000,-0.0468750000,1.558840605112e-06,0.000000000000e+00,20000,20000,39.0031
27,117,0.4570312500,-0.0429687500,1.422218080814e-05,1.000000000000e-04,20000,20000,39.9633
27,118,0.4609375000,-0.0390625000,9.265781316202e-05,1.000000000000e-04,20000,20000,40.7772
27,119,0.4648437500,-0.0351562500,4.590125513565e-04,6.000000000000e-04,20000,20000,41.4721
27,120,0.4687500000,-0.0312500000,1.797636389071e-03,2.150000000000e-03,20000,20000,42.0650
27,121,0.4726562500,-0.0273437500,5.712827507642e-03,4.650000000000e-03,20000,20000,42.5672
27,122,0.4765625000,-0.0234375000,1.500521149159e-02,1.535000000000e-02,20000,20000,42.9865
27,123,0.4804687500,-0.0195312500,3.300866318785e-02,3.225000000000e-02,20000,20000,43.3289
27,124,0.4843750000,-0.0156250000,6.140440022309e-02,6.210000000000e-02,20000,20000,43.5985
27,125,0.4882812500,-0.0117187500,9.727015217157e-02,9.525000000000e-02,20000,20000,43.7983
27,126,0.4921875000,-0.0078125000,1.318461260417e-01,1.373500000000e-01,20000,20000,43.9304
27,127,0.4960937500,-0.0039062500,1.533874193619e-01,1.565500000000e-01,20000,20000,43.9961
27,128,0.5000000000,0.0000000000,1.533874193619e-01,1.535500000000e-01,20000,20000,43.9961
27,129,0.5039062500,0.0039062500,1.318461260417e-01,1.323500000000e-01,20000,20000,43.9304
27,130,0.5078125000,0.0078125000,9.727015217157e-02,9.330000000000e-02,20000,20000,43.7983
27,131,0.5117187500,0.0117187500,6.140440022309e-02,6.100000000000e-02,20000,20000,43.5985
27,132,0.5156250000,0.0156250000,3.300866318785e-02,3.105000000000e-02,20000,20000,43.3289
27,133,0.5195312500,0.0195312500,1.500521149159e-02,1.415000000000e-02,20000,20000,42.9865
27,134,0.5234375000,0.0234375000,5.712827507642e-03,5.950000000000e-03,20000,20000,42.5672
27,135,0.5273437500,0.0273437500,1.797636389071e-03,1.650000000000e-03,20000,20000,42.0650
27,136,0.5312500000,0.0312500000,4.590125513565e-04,5.000000000000e-04,20000,20000,41.4721
27,137,0.5351562500,0.0351562500,9.265781316202e-05,5.000000000000e-05,20000,20000,40.7772
27,138,0.5390625000,0.0390625000,1.422218080814e-05,0.000000000000e+00,20000,20000,39.9633
27,139,0.5429687500,0.0429687500,1.558840605112e-06,0.000000000000e+00,20000,20000,39.0031
27,140,0.5468750000,0.0468750000,1.086250919400e-07,0.000000000000e+00,20000,20000,37.8462
27,141,0.5507812500,0.0507812500,3.614550223696e-09,0.000000000000e+00,20000,20000,36.3684
28,114,0.4453125000,-0.0546875000,1.706663920055e-09,0.000000000000e+00,20000,20000,37.2810
28,115,0.4492187500,-0.0507812500,5.342081650197e-08,0.000000000000e+00,20000,20000,38.7766
28,116,0.4531250000,-0.0468750000,7.995702643827e-07,0.000000000000e+00,20000,20000,39.9517
28,117,0.4570312500,-0.0429687500,7.619570023064e-06,0.000000000000e+00,20000,20000,40.9308
28,118,0.4609375000,-0.0390625000,5.193295301280e-05,1.000000000000e-04,20000,20000,41.7643
28,119,0.4648437500,-0.0351562500,2.696055792459e-04,2.500000000000e-04,20000,20000,42.4796
28,120,0.4687500000,-0.0312500000,1.108570519221e-03,1.550000000000e-03,20000,20000,43.0937
28,121,0.4726562500,-0.0273437500,3.706466781590e-03,3.500000000000e-03,20000,20000,43.6178
28,122,0.4765625000,-0.0234375000,1.026542097507e-02,1.040000000000e-02,20000,20000,44.0603
28,123,0.4804687500,-0.0195312500,2.387083358479e-02,2.405000000000e-02,20000,20000,44.4268
28,124,0.4843750000,-0.0156250000,4.706967311488e-02,4.745000000000e-02,20000,20000,44.7216
28,125,0.4882812500,-0.0117187500,7.927900819806e-02,8.135000000000e-02,20000,20000,44.9480
28,126,0.4921875000,-0.0078125000,1.146517601198e-01,1.117500000000e-01,20000,20000,45.1083
28,127,0.4960937500,-0.0039062500,1.428664128655e-01,1.463000000000e-01,20000,20000,45.2038
28,128,0.5000000000,0.0000000000,1.537036820823e-01,1.580500000000e-01,20000,20000,45.2356
28,129,0.5039062500,0.0039062500,1.428664128655e-01,1.407500000000e-01,20000,20000,45.2038
28,130,0.5078125000,0.0078125000,1.146517601198e-01,1.116500000000e-01,20000,20000,45.1083
28,131,0.5117187500,0.0117187500,7.927900819806e-02,7.785000000000e-02,20000,20000,44.9480
28,132,0.5156250000,0.0156250000,4.706967311488e-02,4.485000000000e-02,20000,20000,44.7216
28,133,0.5195312500,0.0195312500,2.387083358479e-02,2.330000000000e-02,20000,20000,44.4268
28,134,0.5234375000,0.0234375000,1.026542097507e-02,1.135000000000e-02,20000,20000,44.0603
28,135,0.5273437500,0.0273437500,3.706466781590e-03,3.850000000000e-03,20000,20000,43.6178
28,136,0.5312500000,0.0312500000,1.108570519221e-03,1.300000000000e-03,20000,20000,43.0937
28,137,0.5351562500,0.0351562500,2.696055792459e-04,3.000000000000e-04,20000,20000,42.4796
28,138,0.5390625000,0.0390625000,5.193295301280e-05,5.000000000000e-05,20000,20000,41.7643
28,139,0.5429687500,0.0429687500,7.619570023064e-06,0.000000000000e+00,20000,20000,40.9308
28,140,0.5468750000,0.0468750000,7.995702643827e-07,0.000000000000e+00,20000,20000,39.9517
28,141,0.5507812500,0.0507812500,5.342081650197e-08,0.000000000000e+00,20000,20000,38.7766
28,142,0.5546875000,0.0546875000,1.706663920055e-09,0.000000000000e+00,20000,20000,37.2810
29,113,0.4414062500,-0.0585937500,8.039656482902e-10,0.000000000000e+00,20000,20000,38.1766
29,114,0.4453125000,-0.0546875000,2.617824988117e-08,0.000000000000e+00,20000,20000,39.6893
29,115,0.4492187500,-0.0507812500,4.081063409422e-07,0.000000000000e+00,20000,20000,40.8821
29,116,0.4531250000,-0.0468750000,4.056222153887e-06,0.000000000000e+00,20000,20000,41.8795
29,117,0.4570312500,-0.0429687500,2.887643866695e-05,0.000000000000e+00,20000,20000,42.7319
29,118,0.4609375000,-0.0390625000,1.568289341395e-04,0.000000000000e+00,20000,20000,43.4668
29,119,0.4648437500,-0.0351562500,6.757778964637e-04,7.000000000000e-04,20000,20000,44.1011
29,120,0.4687500000,-0.0312500000,2.372236205535e-03,2.550000000000e-03,20000,20000,44.6465
29,121,0.4726562500,-0.0273437500,6.912292518043e-03,6.350000000000e-03,20000,20000,45.1110
29,122,0.4765625000,-0.0234375000,1.694878504424e-02,1.680000000000e-02,20000,20000,45.5005
29,123,0.4804687500,-0.0195312500,3.532784730741e-02,3.310000000000e-02,20000,20000,45.8195
29,124,0.4843750000,-0.0156250000,6.307194740826e-02,6.270000000000e-02,20000,20000,46.0712
29,125,0.4882812500,-0.0117187500,9.698301536625e-02,9.440000000000e-02,20000,20000,46.2580
29,126,0.4921875000,-0.0078125000,1.289376755574e-01,1.284000000000e-01,20000,20000,46.3817
29,127,0.4960937500,-0.0039062500,1.485802260128e-01,1.503000000000e-01,20000,20000,46.4433
29,128,0.5000000000,0.0000000000,1.485802260128e-01,1.511000000000e-01,20000,20000,46.4433
29,129,0.5039062500,0.0039062500,1.289376755574e-01,1.295500000000e-01,20000,20000,46.3817
29,130,0.5078125000,0.0078125000,9.698301536625e-02,9.785000000000e-02,20000,20000,46.2580
29,131,0.5117187500,0.0117187500,6.307194740826e-02,6.170000000000e-02,20000,20000,46.0712
29,132,0.5156250000,0.0156250000,3.532784730741e-02,3.620000000000e-02,20000,20000,45.8195
29,133,0.5195312500,0.0195312500,1.694878504424e-02,1.760000000000e-02,20000,20000,45.5005
29,134,0.5234375000,0.0234375000,6.912292518043e-03,8.200000000000e-03,20000,20000,45.1110
29,135,0.5273437500,0.0273437500,2.372236205535e-03,1.850000000000e-03,20000,20000,44.6465
29,136,0.5312500000,0.0312500000,6.757778964637e-04,5.000000000000e-04,20000,20000,44.1011
29,137,0.5351562500,0.0351562500,1.568289341395e-04,1.000000000000e-04,20000,20000,43.4668
29,138,0.5390625000,0.0390625000,2.887643866695e-05,5.000000000000e-05,20000,20000,42.7319
29,139,0.5429687500,0.0429687500,4.056222153887e-06,0.000000000000e+00,20000,20000,41.8795
29,140,0.5468750000,0.0468750000,4.081063409422e-07,0.000000000000e+00,20000,20000,40.8821
29,141,0.5507812500,0.0507812500,2.617824988117e-08,0.000000000000e+00,20000,20000,39.6893
29,142,0.5546875000,0.0546875000,8.039656482902e-10,0.000000000000e+00,20000,20000,38.1766
30,113,0.4414062500,-0.0585937500,3.778472094449e-10,0.000000000000e+00,20000,20000,39.0555
30,114,0.4453125000,-0.0546875000,1.278355316536e-08,0.000000000000e+00,20000,20000,40.5848
30,115,0.4492187500,-0.0507812500,2.073122273198e-07,0.000000000000e+00,20000,20000,41.7948
30,116,0.4531250000,-0.0468750000,2.146149287771e-06,0.000000000000e+00,20000,20000,42.8098
30,117,0.4570312500,-0.0429687500,1.593515846170e-05,5.000000000000e-05,20000,20000,43.6805
30,118,0.4609375000,-0.0390625000,9.039580800090e-05,0.000000000000e+00,20000,20000,44.4343
30,119,0.4648437500,-0.0351562500,4.074954706937e-04,4.500000000000e-04,20000,20000,45.0883
30,120,0.4687500000,-0.0312500000,1.499063656752e-03,1.100000000000e-03,20000,20000,45.6540
30,121,0.4726562500,-0.0273437500,4.586077757595e-03,4.300000000000e-03,20000,20000,46.1396
30,122,0.4765625000,-0.0234375000,1.183056276380e-02,1.165000000000e-02,20000,20000,46.5512
30,123,0.4804687500,-0.0195312500,2.600217332874e-02,2.710000000000e-02,20000,20000,46.8932
30,124,0.4843750000,-0.0156250000,4.907199569521e-02,5.110000000000e-02,20000,20000,47.1690
30,125,0.4882812500,-0.0117187500,7.998254200322e-02,7.605000000000e-02,20000,20000,47.3812
30,126,0.4921875000,-0.0078125000,1.130619003792e-01,1.123000000000e-01,20000,20000,47.5315
30,127,0.4960937500,-0.0039062500,1.390055685912e-01,1.397000000000e-01,20000,20000,47.6212
30,128,0.5000000000,0.0000000000,1.488878455284e-01,1.502000000000e-01,20000,20000,47.6510
30,129,0.5039062500,0.0039062500,1.390055685912e-01,1.384500000000e-01,20000,20000,47.6212
30,130,0.5078125000,0.0078125000,1.130619003792e-01,1.130000000000e-01,20000,20000,47.5315
30,131,0.5117187500,0.0117187500,7.998254200322e-02,8.075000000000e-02,20000,20000,47.3812
30,132,0.5156250000,0.0156250000,4.907199569521e-02,4.810000000000e-02,20000,20000,47.1690
30,133,0.5195312500,0.0195312500,2.600217332874e-02,2.680000000000e-02,20000,20000,46.8932
30,134,0.5234375000,0.0234375000,1.183056276380e-02,1.220000000000e-02,20000,20000,46.5512
30,135,0.5273437500,0.0273437500,4.586077757595e-03,4.750000000000e-03,20000,20000,46.1396
30,136,0.5312500000,0.0312500000,1.499063656752e-03,1.600000000000e-03,20000,20000,45.6540
30,137,0.5351562500,0.0351562500,4.074954706937e-04,2.000000000000e-04,20000,20000,45.0883
30,138,0.5390625000,0.0390625000,9.039580800090e-05,1.500000000000e-04,20000,20000,44.4343
30,139,0.5429687500,0.0429687500,1.593515846170e-05,0.000000000000e+00,20000,20000,43.6805
30,140,0.5468750000,0.0468750000,2.146149287771e-06,0.000000000000e+00,20000,20000,42.8098
30,141,0.5507812500,0.0507812500,2.073122273198e-07,0.000000000000e+00,20000,20000,41.7948
30,142,0.5546875000,0.0546875000,1.278355316536e-08,0.000000000000e+00,20000,20000,40.5848
30,143,0.5585937500,0.0585937500,3.778472094449e-10,0.000000000000e+00,20000,20000,39.0555
31,112,0.4375000000,-0.0625000000,1.771648741380e-10,0.000000000000e+00,20000,20000,39.9182
31,113,0.4414062500,-0.0585937500,6.221152394511e-09,0.000000000000e+00,20000,20000,41.4637
31,114,0.4453125000,-0.0546875000,1.048277881454e-07,0.000000000000e+00,20000,20000,42.6903
31,115,0.4492187500,-0.0507812500,1.128891063566e-06,0.000000000000e+00,20000,20000,43.7225
31,116,0.4531250000,-0.0468750000,8.730419535262e-06,0.000000000000e+00,20000,20000,44.6109
31,117,0.4570312500,-0.0429687500,5.165371697211e-05,0.000000000000e+00,20000,20000,45.3829
31,118,0.4609375000,-0.0390625000,2.432122344589e-04,2.000000000000e-04,20000,20000,46.0558
31,119,0.4648437500,-0.0351562500,9.360076757191e-04,9.000000000000e-04,20000,20000,46.6411
31,120,0.4687500000,-0.0312500000,3.000848642756e-03,2.400000000000e-03,20000,20000,47.1471
31,121,0.4726562500,-0.0273437500,8.127654633562e-03,6.550000000000e-03,20000,20000,47.5798
31,122,0.4765625000,-0.0234375000,1.879390437395e-02,1.990000000000e-02,20000,20000,47.9439
31,123,0.4804687500,-0.0195312500,3.739958012165e-02,3.555000000000e-02,20000,20000,48.2427
31,124,0.4843750000,-0.0156250000,6.443668867654e-02,6.555000000000e-02,20000,20000,48.4790
31,125,0.4882812500,-0.0117187500,9.655090132659e-02,9.565000000000e-02,20000,20000,48.6546
31,126,0.4921875000,-0.0078125000,1.262144777055e-01,1.276500000000e-01,20000,20000,48.7710
31,127,0.4960937500,-0.0039062500,1.442351003556e-01,1.430000000000e-01,20000,20000,48.8289
31,128,0.5000000000,0.0000000000,1.442351003556e-01,1.454000000000e-01,20000,20000,48.8289
31,129,0.5039062500,0.0039062500,1.262144777055e-01,1.257500000000e-01,20000,20000,48.7710
31,130,0.5078125000,0.0078125000,9.655090132659e-02,9.865000000000e-02,20000,20000,48.6546
31,131,0.5117187500,0.0117187500,6.443668867654e-02,6.105000000000e-02,20000,20000,48.4790
31,132,0.5156250000,0.0156250000,3.739958012165e-02,3.980000000000e-02,20000,20000,48.2427
31,133,0.5195312500,0.0195312500,1.879390437395e-02,1.805000000000e-02,20000,20000,47.9439
31,134,0.5234375000,0.0234375000,8.127654633562e-03,9.700000000000e-03,20000,20000,47.5798
31,135,0.5273437500,0.0273437500,3.000848642756e-03,3.000000000000e-03,20000,20000,47.1471
31,136,0.5312500000,0.0312500000,9.360076757191e-04,1.000000000000e-03,20000,20000,46.6411
31,137,0.5351562500,0.0351562500,2.432122344589e-04,2.500000000000e-04,20000,20000,46.0558
31,138,0.5390625000,0.0390625000,5.165371697211e-05,0.000000000000e+00,20000,20000,45.3829
31,139,0.5429687500,0.0429687500,8.730419535262e-06,0.000000000000e+00,20000,20000,44.6109
31,140,0.5468750000,0.0468750000,1.128891063566e-06,0.000000000000e+00,20000,20000,43.7225
31,141,0.5507812500,0.0507812500,1.048277881454e-07,0.000000000000e+00,20000,20000,42.6903
31,142,0.5546875000,0.0546875000,6.221152394511e-09,0.000000000000e+00,20000,20000,41.4637
31,143,0.5585937500,0.0585937500,1.771648741380e-10,0.000000000000e+00,20000,20000,39.9182
32,112,0.4375000000,-0.0625000000,8.287338187331e-11,0.000000000000e+00,20000,20000,40.7653
32,113,0.4414062500,-0.0585937500,3.017327752472e-09,0.000000000000e+00,20000,20000,42.3265
32,114,0.4453125000,-0.0546875000,5.276985814887e-08,0.000000000000e+00,20000,20000,43.5692
32,115,0.4492187500,-0.0507812500,5.904644920622e-07,0.000000000000e+00,20000,20000,44.6180
32,116,0.4531250000,-0.0468750000,4.750260941075e-06,0.000000000000e+00,20000,20000,45.5236
32,117,0.4570312500,-0.0429687500,2.927322375566e-05,1.000000000000e-04,20000,20000,46.3133
32,118,0.4609375000,-0.0390625000,1.437569836174e-04,1.500000000000e-04,20000,20000,47.0045
32,119,0.4648437500,-0.0351562500,5.778728469471e-04,6.000000000000e-04,20000,20000,47.6087
32,120,0.4687500000,-0.0312500000,1.938178056167e-03,1.800000000000e-03,20000,20000,48.1342
32,121,0.4726562500,-0.0273437500,5.501209246688e-03,5.000000000000e-03,20000,20000,48.5873
32,122,0.4765625000,-0.0234375000,1.335571356001e-02,1.535000000000e-02,20000,20000,48.9725
32,123,0.4804687500,-0.0195312500,2.796174924054e-02,2.715000000000e-02,20000,20000,49.2934
32,124,0.4843750000,-0.0156250000,5.079915248679e-02,4.995000000000e-02,20000,20000,49.5527
32,125,0.4882812500,-0.0117187500,8.046084522413e-02,7.995000000000e-02,20000,20000,49.7524
32,126,0.4921875000,-0.0078125000,1.114909130852e-01,1.066500000000e-01,20000,20000,49.8941
32,127,0.4960937500,-0.0039062500,1.354684567361e-01,1.380500000000e-01,20000,20000,49.9787
32,128,0.5000000000,0.0000000000,1.445349654291e-01,1.456000000000e-01,20000,20000,50.0068
32,129,0.5039062500,0.0039062500,1.354684567361e-01,1.385500000000e-01,20000,20000,49.9787
32,130,0.5078125000,0.0078125000,1.114909130852e-01,1.119000000000e-01,20000,20000,49.8941
32,131,0.5117187500,0.0117187500,8.046084522413e-02,8.005000000000e-02,20000,20000,49.7524
32,132,0.5156250000,0.0156250000,5.079915248679e-02,4.930000000000e-02,20000,20000,49.5527
32,133,0.5195312500,0.0195312500,2.796174924054e-02,2.905000000000e-02,20000,20000,49.2934
32,134,0.5234375000,0.0234375000,1.335571356001e-02,1.295000000000e-02,20000,20000,48.9725
32,135,0.5273437500,0.0273437500,5.501209246688e-03,5.400000000000e-03,20000,20000,48.5873
32,136,0.5312500000,0.0312500000,1.938178056167e-03,1.950000000000e-03,20000,20000,48.1342
32,137,0.5351562500,0.0351562500,5.778728469471e-04,4.500000000000e-04,20000,20000,47.6087
32,138,0.5390625000,0.0390625000,1.437569836174e-04,5.000000000000e-05,20000,20000,47.0045
32,139,0.5429687500,0.0429687500,2.927322375566e-05,0.000000000000e+00,20000,20000,46.3133
32,140,0.5468750000,0.0468750000,4.750260941075e-06,0.000000000000e+00,20000,20000,45.5236
32,141,0.5507812500,0.0507812500,5.904644920622e-07,0.000000000000e+00,20000,20000,44.6180
32,142,0.5546875000,0.0546875000,5.276985814887e-08,0.000000000000e+00,20000,20000,43.5692
32,143,0.5585937500,0.0585937500,3.017327752472e-09,0.000000000000e+00,20000,20000,42.3265
32,144,0.5625000000,0.0625000000,8.287338187331e-11,0.000000000000e+00,20000,20000,40.7653
33,111,0.4335937500,-0.0664062500,3.867424487421e-11,0.000000000000e+00,20000,20000,41.5970
33,112,0.4375000000,-0.0625000000,1.458571520970e-09,0.000000000000e+00,20000,20000,43.1735
33,113,0.4414062500,-0.0585937500,2.644876358026e-08,0.000000000000e+00,20000,20000,44.4320
33,114,0.4453125000,-0.0546875000,3.071645493082e-07,0.000000000000e+00,20000,20000,45.4969
33,115,0.4492187500,-0.0507812500,2.567597939702e-06,0.000000000000e+00,20000,20000,46.4191
33,116,0.4531250000,-0.0468750000,1.645965416083e-05,0.000000000000e+00,20000,20000,47.2260
33,117,0.4570312500,-0.0429687500,8.419101123892e-05,0.000000000000e+00,20000,20000,47.9348
33,118,0.4609375000,-0.0390625000,3.529747365607e-04,2.500000000000e-04,20000,20000,48.5573
33,119,0.4648437500,-0.0351562500,1.236557599834e-03,1.650000000000e-03,20000,20000,49.1018
33,120,0.4687500000,-0.0312500000,3.671770650849e-03,3.400000000000e-03,20000,20000,49.5744
33,121,0.4726562500,-0.0273437500,9.341740952032e-03,8.750000000000e-03,20000,20000,49.9800
33,122,0.4765625000,-0.0234375000,2.053440959852e-02,2.020000000000e-02,20000,20000,50.3221
33,123,0.4804687500,-0.0195312500,3.924839281420e-02,3.845000000000e-02,20000,20000,50.6034
33,124,0.4843750000,-0.0156250000,6.555044484353e-02,6.260000000000e-02,20000,20000,50.8261
33,125,0.4882812500,-0.0117187500,9.601421396611e-02,9.485000000000e-02,20000,20000,50.9919
33,126,0.4921875000,-0.0078125000,1.236620044303e-01,1.233500000000e-01,20000,20000,51.1018
33,127,0.4960937500,-0.0039062500,1.402839370342e-01,1.386500000000e-01,20000,20000,51.1566
33,128,0.5000000000,0.0000000000,1.402839370342e-01,1.398000000000e-01,20000,20000,51.1566
33,129,0.5039062500,0.0039062500,1.236620044303e-01,1.290500000000e-01,20000,20000,51.1018
33,130,0.5078125000,0.0078125000,9.601421396611e-02,9.595000000000e-02,20000,20000,50.9919
33,131,0.5117187500,0.0117187500,6.555044484353e-02,6.840000000000e-02,20000,20000,50.8261
33,132,0.5156250000,0.0156250000,3.924839281420e-02,3.880000000000e-02,20000,20000,50.6034
33,133,0.5195312500,0.0195312500,2.053440959852e-02,2.105000000000e-02,20000,20000,50.3221
33,134,0.5234375000,0.0234375000,9.341740952032e-03,9.250000000000e-03,20000,20000,49.9800
33,135,0.5273437500,0.0273437500,3.671770650849e-03,3.450000000000e-03,20000,20000,49.5744
33,136,0.5312500000,0.0312500000,1.236557599834e-03,1.600000000000e-03,20000,20000,49.1018
33,137,0.5351562500,0.0351562500,3.529747365607e-04,3.500000000000e-04,20000,20000,48.5573
33,138,0.5390625000,0.0390625000,8.419101123892e-05,1.000000000000e-04,20000,20000,47.9348
33,139,0.5429687500,0.0429687500,1.645965416083e-05,5.000000000000e-05,20000,20000,47.2260
33,140,0.5468750000,0.0468750000,2.567597939702e-06,0.000000000000e+00,20000,20000,46.4191
33,141,0.5507812500,0.0507812500,3.071645493082e-07,0.000000000000e+00,20000,20000,45.4969
33,142,0.5546875000,0.0546875000,2.644876358026e-08,0.000000000000e+00,20000,20000,44.4320
33,143,0.5585937500,0.0585937500,1.458571520970e-09,0.000000000000e+00,20000,20000,43.1735
33,144,0.5625000000,0.0625000000,3.867424487421e-11,0.000000000000e+00,20000,20000,41.5970
34,111,0.4335937500,-0.0664062500,1.800491984749e-11,0.000000000000e+00,20000,20000,42.4138
34,112,0.4375000000,-0.0625000000,7.027570509084e-10,0.000000000000e+00,20000,20000,44.0052
34,113,0.4414062500,-0.0585937500,1.320022451650e-08,0.000000000000e+00,20000,20000,45.2790
34,114,0.4453125000,-0.0546875000,1.589502590669e-07,0.000000000000e+00,20000,20000,46.3597
34,115,0.4492187500,-0.0507812500,1.379034161351e-06,0.000000000000e+00,20000,20000,47.2980
34,116,0.4531250000,-0.0468750000,9.185461021864e-06,0.000000000000e+00,20000,20000,48.1215
34,117,0.4570312500,-0.0429687500,4.887497863900e-05,5.000000000000e-05,20000,20000,48.8475
34,118,0.4609375000,-0.0390625000,2.134278543188e-04,4.000000000000e-04,20000,20000,49.4877
34,119,0.4648437500,-0.0351562500,7.798236220571e-04,5.000000000000e-04,20000,20000,50.0504
34,120,0.4687500000,-0.0312500000,2.418616024543e-03,2.450000000000e-03,20000,20000,50.5420
34,121,0.4726562500,-0.0273437500,6.437480151531e-03,6.100000000000e-03,20000,20000,50.9671
34,122,0.4765625000,-0.0234375000,1.482906079385e-02,1.485000000000e-02,20000,20000,51.3295
34,123,0.4804687500,-0.0195312500,2.975846067427e-02,2.970000000000e-02,20000,20000,51.6320
34,124,0.4843750000,-0.0156250000,5.228917083452e-02,5.125000000000e-02,20000,20000,51.8768
34,125,0.4882812500,-0.0117187500,8.076018122536e-02,8.195000000000e-02,20000,20000,52.0656
34,126,0.4921875000,-0.0078125000,1.099519766894e-01,1.072500000000e-01,20000,20000,52.1996
34,127,0.4960937500,-0.0039062500,1.322137870958e-01,1.348000000000e-01,20000,20000,52.2797
34,128,0.5000000000,0.0000000000,1.405768053787e-01,1.377500000000e-01,20000,20000,52.3063
34,129,0.5039062500,0.0039062500,1.322137870958e-01,1.312000000000e-01,20000,20000,52.2797
34,130,0.5078125000,0.0078125000,1.099519766894e-01,1.095500000000e-01,20000,20000,52.1996
34,131,0.5117187500,0.0117187500,8.076018122536e-02,8.460000000000e-02,20000,20000,52.0656
34,132,0.5156250000,0.0156250000,5.228917083452e-02,5.245000000000e-02,20000,20000,51.8768
34,133,0.5195312500,0.0195312500,2.975846067427e-02,2.920000000000e-02,20000,20000,51.6320
34,134,0.5234375000,0.0234375000,1.482906079385e-02,1.640000000000e-02,20000,20000,51.3295
34,135,0.5273437500,0.0273437500,6.437480151531e-03,6.050000000000e-03,20000,20000,50.9671
34,136,0.5312500000,0.0312500000,2.418616024543e-03,2.450000000000e-03,20000,20000,50.5420
34,137,0.5351562500,0.0351562500,7.798236220571e-04,6.500000000000e-04,20000,20000,50.0504
34,138,0.5390625000,0.0390625000,2.134278543188e-04,3.000000000000e-04,20000,20000,49.4877
34,139,0.5429687500,0.0429687500,4.887497863900e-05,1.000000000000e-04,20000,20000,48.8475
34,140,0.5468750000,0.0468750000,9.185461021864e-06,0.000000000000e+00,20000,20000,48.1215
34,141,0.5507812500,0.0507812500,1.379034161351e-06,0.000000000000e+00,20000,20000,47.2980
34,142,0.5546875000,0.0546875000,1.589502590669e-07,0.000000000000e+00,20000,20000,46.3597
34,143,0.5585937500,0.0585937500,1.320022451650e-08,0.000000000000e+00,20000,20000,45.2790
34,144,0.5625000000,0.0625000000,7.027570509084e-10,0.000000000000e+00,20000,20000,44.0052
34,145,0.5664062500,0.0664062500,1.800491984749e-11,0.000000000000e+00,20000,20000,42.4138
35,110,0.4296875000,-0.0703125000,8.362117586074e-12,0.000000000000e+00,20000,20000,43.2161
35,111,0.4335937500,-0.0664062500,3.374980791496e-10,0.000000000000e+00,20000,20000,44.8221
35,112,0.4375000000,-0.0625000000,6.560781045353e-09,0.000000000000e+00,20000,20000,46.1107
35,113,0.4414062500,-0.0585937500,8.183402786034e-08,0.000000000000e+00,20000,20000,47.2067
35,114,0.4453125000,-0.0546875000,7.361425439526e-07,0.000000000000e+00,20000,20000,48.1607
35,115,0.4492187500,-0.0507812500,5.089155356953e-06,0.000000000000e+00,20000,20000,49.0004
35,116,0.4531250000,-0.0468750000,2.813607917611e-05,5.000000000000e-05,20000,20000,49.7430
35,117,0.4570312500,-0.0429687500,1.278111366083e-04,5.000000000000e-05,20000,20000,50.4004
35,118,0.4609375000,-0.0390625000,4.864078845157e-04,6.500000000000e-04,20000,20000,50.9808
35,119,0.4648437500,-0.0351562500,1.573423765564e-03,1.650000000000e-03,20000,20000,51.4906
35,120,0.4687500000,-0.0312500000,4.374254295433e-03,4.000000000000e-03,20000,20000,51.9347
35,121,0.4726562500,-0.0273437500,1.054140435616e-02,1.140000000000e-02,20000,20000,52.3167
35,122,0.4765625000,-0.0234375000,2.216861860308e-02,2.315000000000e-02,20000,20000,52.6395
35,123,0.4804687500,-0.0195312500,4.089753044066e-02,4.020000000000e-02,20000,20000,52.9055
35,124,0.4843750000,-0.0156250000,6.645537925099e-02,6.400000000000e-02,20000,20000,53.1163
35,125,0.4882812500,-0.0117187500,9.540289190778e-02,9.955000000000e-02,20000,20000,53.2733
35,126,0.4921875000,-0.0078125000,1.212663341233e-01,1.213500000000e-01,20000,20000,53.3775
35,127,0.4960937500,-0.0039062500,1.366718941182e-01,1.342500000000e-01,20000,20000,53.4295
35,128,0.5000000000,0.0000000000,1.366718941182e-01,1.369000000000e-01,20000,20000,53.4295
35,129,0.5039062500,0.0039062500,1.212663341233e-01,1.237000000000e-01,20000,20000,53.3775
35,130,0.5078125000,0.0078125000,9.540289190778e-02,9.400000000000e-02,20000,20000,53.2733
35,131,0.5117187500,0.0117187500,6.645537925099e-02,6.630000000000e-02,20000,20000,53.1163
35,132,0.5156250000,0.0156250000,4.089753044066e-02,4.150000000000e-02,20000,20000,52.9055
35,133,0.5195312500,0.0195312500,2.216861860308e-02,2.045000000000e-02,20000,20000,52.6395
35,134,0.5234375000,0.0234375000,1.054140435616e-02,1.035000000000e-02,20000,20000,52.3167
35,135,0.5273437500,0.0273437500,4.374254295433e-03,4.700000000000e-03,20000,20000,51.9347
35,136,0.5312500000,0.0312500000,1.573423765564e-03,1.300000000000e-03,20000,20000,51.4906
35,137,0.5351562500,0.0351562500,4.864078845157e-04,4.000000000000e-04,20000,20000,50.9808
35,138,0.5390625000,0.0390625000,1.278111366083e-04,5.000000000000e-05,20000,20000,50.4004
35,139,0.5429687500,0.0429687500,2.813607917611e-05,5.000000000000e-05,20000,20000,49.7430
35,140,0.5468750000,0.0468750000,5.089155356953e-06,0.000000000000e+00,20000,20000,49.0004
35,141,0.5507812500,0.0507812500,7.361425439526e-07,0.000000000000e+00,20000,20000,48.1607
35,142,0.5546875000,0.0546875000,8.183402786034e-08,0.000000000000e+00,20000,20000,47.2067
35,143,0.5585937500,0.0585937500,6.560781045353e-09,0.000000000000e+00,20000,20000,46.1107
35,144,0.5625000000,0.0625000000,3.374980791496e-10,0.000000000000e+00,20000,20000,44.8221
35,145,0.5664062500,0.0664062500,8.362117586074e-12,0.000000000000e+00,20000,20000,43.2161
36,110,0.4296875000,-0.0703125000,3.874272508432e-12,0.000000000000e+00,20000,20000,44.0042
36,111,0.4335937500,-0.0664062500,1.615624227951e-10,0.000000000000e+00,20000,20000,45.6243
36,112,0.4375000000,-0.0625000000,3.247623025780e-09,0.000000000000e+00,20000,20000,46.9276
36,113,0.4414062500,-0.0585937500,4.192297825207e-08,0.000000000000e+00,20000,20000,48.0385
36,114,0.4453125000,-0.0546875000,3.906416801635e-07,0.000000000000e+00,20000,20000,49.0078
36,115,0.4492187500,-0.0507812500,2.800119563412e-06,0.000000000000e+00,20000,20000,49.8632
36,116,0.4531250000,-0.0468750000,1.606764773076e-05,0.000000000000e+00,20000,20000,50.6220
36,117,0.4570312500,-0.0429687500,7.583848834531e-05,5.000000000000e-05,20000,20000,51.2959
36,118,0.4609375000,-0.0390625000,3.002355944854e-04,3.500000000000e-04,20000,20000,51.8935
36,119,0.4648437500,-0.0351562500,1.011565244108e-03,7.500000000000e-04,20000,20000,52.4210
36,120,0.4687500000,-0.0312500000,2.933099396938e-03,4.050000000000e-03,20000,20000,52.8833
36,121,0.4726562500,-0.0273437500,7.382960937747e-03,7.100000000000e-03,20000,20000,53.2842
36,122,0.4765625000,-0.0234375000,1.624304444817e-02,1.665000000000e-02,20000,20000,53.6267
36,123,0.4804687500,-0.0195312500,3.140286176576e-02,3.225000000000e-02,20000,20000,53.9130
36,124,0.4843750000,-0.0156250000,5.357466251795e-02,5.195000000000e-02,20000,20000,54.1450
36,125,0.4882812500,-0.0117187500,8.091673850938e-02,7.605000000000e-02,20000,20000,54.3240
36,126,0.4921875000,-0.0078125000,1.084532874989e-01,1.097000000000e-01,20000,20000,54.4512
36,127,0.4960937500,-0.0039062500,1.292071928506e-01,1.293000000000e-01,20000,20000,54.5273
36,128,0.5000000000,0.0000000000,1.369584180052e-01,1.383000000000e-01,20000,20000,54.5526
36,129,0.5039062500,0.0039062500,1.292071928506e-01,1.282000000000e-01,20000,20000,54.5273
36,130,0.5078125000,0.0078125000,1.084532874989e-01,1.111500000000e-01,20000,20000,54.4512
36,131,0.5117187500,0.0117187500,8.091673850938e-02,8.120000000000e-02,20000,20000,54.3240
36,132,0.5156250000,0.0156250000,5.357466251795e-02,5.375000000000e-02,20000,20000,54.1450
36,133,0.5195312500,0.0195312500,3.140286176576e-02,3.225000000000e-02,20000,20000,53.9130
36,134,0.5234375000,0.0234375000,1.624304444817e-02,1.625000000000e-02,20000,20000,53.6267
36,135,0.5273437500,0.0273437500,7.382960937747e-03,6.500000000000e-03,20000,20000,53.2842
36,136,0.5312500000,0.0312500000,2.933099396938e-03,3.100000000000e-03,20000,20000,52.8833
36,137,0.5351562500,0.0351562500,1.011565244108e-03,7.500000000000e-04,20000,20000,52.4210
36,138,0.5390625000,0.0390625000,3.002355944854e-04,1.500000000000e-04,20000,20000,51.8935
36,139,0.5429687500,0.0429687500,7.583848834531e-05,2.000000000000e-04,20000,20000,51.2959
36,140,0.5468750000,0.0468750000,1.606764773076e-05,0.000000000000e+00,20000,20000,50.6220
36,141,0.5507812500,0.0507812500,2.800119563412e-06,0.000000000000e+00,20000,20000,49.8632
36,142,0.5546875000,0.0546875000,3.906416801635e-07,0.000000000000e+00,20000,20000,49.0078
36,143,0.5585937500,0.0585937500,4.192297825207e-08,0.000000000000e+00,20000,20000,48.0385
36,144,0.5625000000,0.0625000000,3.247623025780e-09,0.000000000000e+00,20000,20000,46.9276
36,145,0.5664062500,0.0664062500,1.615624227951e-10,0.000000000000e+00,20000,20000,45.6243
36,146,0.5703125000,0.0703125000,3.874272508432e-12,0.000000000000e+00,20000,20000,44.0042
